"","Date","count","time","summary","icon","sunriseTime","sunsetTime","moonPhase","precipIntensity","precipIntensityMax","precipProbability","temperatureMin","temperatureMinTime","temperatureMax","temperatureMaxTime","apparentTemperatureMin","apparentTemperatureMinTime","apparentTemperatureMax","apparentTemperatureMaxTime","dewPoint","humidity","windSpeed","windBearing","visibility","cloudCover","pressure","precipIntensityMaxTime","precipType"
"1","2013-01-01",339,1357027200,"Clear throughout the day.","clear-day",1357055944,1357086575,0.67,0,0,0,34.19,1357084800,46.02,1357106400,27.84,1357070400,42.5,1357106400,31.83,0.8,1.26,12,9.1,0.03,1027.26,NA,NA
"2","2013-01-02",917.5,1357113600,"Clear throughout the day.","clear-day",1357142340,1357173033,0.7,0,0,0,34.19,1357142400,46.02,1357164000,27.84,1357128000,42.5,1357164000,28.23,0.69,1.68,148,9.17,0.07,1025.42,NA,NA
"3","2013-01-03",901.5,1357200000,"Light rain in the evening.","rain",1357228733,1357259494,0.73,0.005,0.0519,1,32.75,1357225200,45.26,1357254000,27.07,1357228800,39.57,1357254000,26.76,0.64,5.5,163,9.57,0.3,1021.06,1357268400,"rain"
"4","2013-01-04",856,1357286400,"Mostly cloudy throughout the day.","partly-cloudy-day",1357315124,1357345957,0.77,0.0034,0.02,1,37.73,1357286400,49.92,1357336800,32.26,1357293600,47.86,1357336800,41.84,0.91,5.38,158,8.44,0.82,1023.97,1357290000,"rain"
"5","2013-01-05",359.5,1357372800,"Light rain in the evening.","rain",1357401512,1357432421,0.8,0.0032,0.0419,1,42.74,1357455600,45.55,1357430400,36.88,1357452000,43.26,1357430400,37.24,0.76,6,161,9.46,0.92,1021.3,1357452000,"rain"
"6","2013-01-06",353,1357459200,"Light rain overnight.","rain",1357487897,1357518888,0.84,0.0013,0.01,1,41.46,1357473600,47.24,1357516800,34.83,1357473600,42.53,1357516800,40.05,0.87,10.17,175,9.73,0.96,1020.12,1357542000,"rain"
"7","2013-01-07",946.5,1357545600,"Windy in the morning.","wind",1357574279,1357605357,0.87,0.002,0.0141,1,41.89,1357545600,51.16,1357599600,35.95,1357545600,51.16,1357599600,44.2,0.89,12.14,179,9.36,0.98,1014.42,1357549200,"rain"
"8","2013-01-08",789,1357632000,"Windy in the evening, with rain until afternoon, starting again overnight.","rain",1357660658,1357691828,0.9,0.0143,0.0778,1,42.66,1357668000,53.2,1357704000,37.99,1357671600,53.2,1357704000,44.71,0.89,11.72,176,7.29,1,1014.35,1357714800,"rain"
"9","2013-01-09",673.5,1357718400,"Rain in the morning.","rain",1357747035,1357778300,0.94,0.0488,0.1856,1,37.46,1357754400,51.16,1357718400,29.07,1357754400,51.16,1357718400,40.01,0.9,8.67,181,8.54,1,1009.11,1357729200,"rain"
"10","2013-01-10",905,1357804800,"Mostly cloudy throughout the day.","partly-cloudy-day",1357833409,1357864774,0.97,2e-04,0.0041,0.41,36.38,1357887600,39.44,1357866000,32.01,1357880400,35.45,1357866000,34.38,0.87,3.22,260,9.06,0.9,1017.8,1357858800,"rain"
"11","2013-01-11",785,1357891200,"Overcast in the morning.","partly-cloudy-night",1357919780,1357951250,0.01,0,0,0,31.41,1357923600,37.49,1357948800,24.21,1357927200,37.49,1357948800,26.49,0.74,3.52,30,7.07,0.36,1024.78,NA,NA
"12","2013-01-12",338.5,1357977600,"Partly cloudy in the morning.","partly-cloudy-day",1358006149,1358037727,0.04,0,0,0,29.08,1358002800,37.03,1358031600,25.08,1357977600,31.45,1358031600,25.8,0.77,2.11,81,9.24,0.18,1028.91,NA,NA
"13","2013-01-13",279.5,1358064000,"Mostly cloudy in the evening.","partly-cloudy-night",1358092515,1358124206,0.07,0,0,0,27.04,1358092800,37.09,1358121600,21.25,1358092800,37.09,1358121600,25.49,0.78,2.17,154,9.57,0.31,1031.96,NA,NA
"14","2013-01-14",934.5,1358150400,"Mostly cloudy throughout the day.","partly-cloudy-day",1358178878,1358210686,0.11,0,0,0,32.05,1358150400,39.4,1358208000,26.52,1358150400,35.87,1358208000,28.89,0.78,4.49,170,9.58,0.94,1033.55,NA,NA
"15","2013-01-15",1033,1358236800,"Mostly cloudy in the morning.","partly-cloudy-night",1358265239,1358297168,0.14,0,0,0,36.24,1358258400,42.64,1358290800,33.33,1358316000,39.92,1358290800,32.71,0.79,2.32,355,9.79,0.44,1038.44,NA,NA
"16","2013-01-16",975,1358323200,"Foggy in the morning.","fog",1358351597,1358383651,0.17,0,0,0,32.02,1358352000,42.26,1358377200,29.04,1358344800,37.95,1358377200,32.41,0.84,3.54,21,5.86,0.33,1036.71,NA,NA
"17","2013-01-17",888.5,1358409600,"Foggy throughout the day.","fog",1358437953,1358470135,0.21,0,0,0,33.04,1358438400,38.6,1358467200,25.99,1358416800,38.6,1358467200,34.08,0.95,0.83,90,1.82,0.81,1030.23,NA,NA
"18","2013-01-18",792.5,1358496000,"Foggy until afternoon.","fog",1358524307,1358556621,0.24,0,0,0,33.89,1358578800,38.26,1358550000,29.76,1358524800,32.96,1358550000,34.79,0.97,1.65,35,2.41,1,1026.43,NA,NA
"19","2013-01-19",380,1358582400,"Foggy in the morning.","fog",1358610657,1358643107,0.28,0,0,0,33.35,1358586000,37.03,1358640000,29.72,1358632800,32.82,1358640000,34.14,0.96,4.14,20,2.75,0.97,1028.39,NA,NA
"20","2013-01-20",400.5,1358668800,"Foggy in the evening.","fog",1358697006,1358729595,0.31,0,0,0,34.04,1358690400,40.32,1358726400,28.11,1358676000,36.2,1358726400,35.71,0.96,4.95,20,2.06,0.96,1027.66,NA,NA
"21","2013-01-21",638,1358755200,"Foggy until afternoon.","fog",1358783352,1358816083,0.34,0,0,0,32.57,1358838000,37.7,1358812800,28.94,1358838000,37.7,1358812800,34.56,0.97,1.56,101,1.92,0.94,1023.18,NA,NA
"22","2013-01-22",982.5,1358841600,"Foggy in the morning.","fog",1358869696,1358902573,0.38,0.0022,0.0519,1,31.69,1358845200,40.36,1358899200,26.83,1358859600,38.16,1358899200,34.49,0.94,2.7,148,3.19,0.54,1017.54,1358899200,"rain"
"23","2013-01-23",883.5,1358928000,"Light rain starting in the afternoon, continuing until evening.","rain",1358956037,1358989063,0.41,0.0047,0.0378,1,39.58,1358931600,44.44,1358967600,34.93,1358935200,40.76,1358967600,37.03,0.81,5.92,172,8.82,0.97,1013.85,1358982000,"rain"
"24","2013-01-24",977.5,1359014400,"Rain in the evening.","rain",1359042377,1359075554,0.45,0.0058,0.06,1,39.59,1359043200,46.83,1359072000,35.23,1359043200,42.73,1359072000,39.09,0.87,5.73,177,9.31,0.73,1020.71,1359079200,"rain"
"25","2013-01-25",930.5,1359100800,"Mostly cloudy throughout the day.","partly-cloudy-day",1359128714,1359162045,0.48,0.0021,0.0181,1,42.95,1359104400,50.02,1359158400,38.13,1359104400,50.02,1359158400,43.33,0.89,6.18,171,8.32,0.76,1016.25,1359108000,"rain"
"26","2013-01-26",272,1359187200,"Light rain in the morning and in the evening.","rain",1359215049,1359248538,0.51,0.0037,0.0359,1,41.51,1359216000,46.2,1359241200,35.63,1359208800,40.4,1359241200,39.19,0.85,9.09,192,9.46,0.95,1013.89,1359205200,"rain"
"27","2013-01-27",321.5,1359273600,"Overcast throughout the day.","partly-cloudy-day",1359301382,1359335030,0.55,0.0022,0.0341,1,41.23,1359356400,43.16,1359316800,34.89,1359327600,36.54,1359316800,38.41,0.87,9.03,191,9.7,1,1016.88,1359331200,"rain"
"28","2013-01-28",854,1359360000,"Light rain starting in the afternoon.","rain",1359387712,1359421524,0.58,0.0081,0.0422,1,40.23,1359374400,44.24,1359417600,34.69,1359374400,41.34,1359417600,39.62,0.91,6.09,170,9.07,0.91,1017.67,1359428400,"rain"
"29","2013-01-29",894.5,1359446400,"Light rain starting in the afternoon.","rain",1359474041,1359508017,0.61,0.0091,0.0378,1,43.23,1359453600,48.16,1359511200,37.93,1359457200,43.44,1359511200,44.34,0.95,7.48,165,8.86,1,1024.5,1359525600,"rain"
"30","2013-01-30",880,1359532800,"Foggy until afternoon.","fog",1359560368,1359594512,0.65,0.0043,0.0237,1,45.16,1359532800,48.86,1359590400,39.43,1359532800,46.38,1359590400,46.08,0.96,6.19,167,4.85,1,1028.11,1359532800,"rain"
"31","2013-01-31",960.5,1359619200,"Light rain in the morning and in the evening.","rain",1359646693,1359681006,0.68,0.0036,0.0259,1,46.82,1359630000,50.09,1359669600,41.86,1359658800,50.09,1359669600,45.92,0.93,7.49,173,8.23,0.97,1027.83,1359658800,"rain"
"32","2013-02-01",1054,1359705600,"Overcast until afternoon.","partly-cloudy-day",1359733015,1359767501,0.72,9e-04,0.0081,0.59,44.78,1359788400,48.26,1359766800,39.85,1359788400,45.96,1359766800,44.85,0.94,4.84,357,8.25,0.72,1028.84,1359712800,"rain"
"33","2013-02-02",566.5,1359792000,"Foggy in the morning.","fog",1359819336,1359853996,0.75,0,0,0,39.84,1359871200,44.17,1359849600,35.73,1359820800,40.8,1359849600,40.49,0.95,2.57,15,5.54,1,1026.85,NA,NA
"34","2013-02-03",434,1359878400,"Light rain in the morning and in the evening.","rain",1359905656,1359940491,0.78,0.0032,0.0259,1,39.12,1359882000,48.41,1359936000,35.05,1359882000,45.5,1359936000,42.17,0.93,7.3,165,7.9,0.96,1024.94,1359946800,"rain"
"35","2013-02-04",1144,1359964800,"Mostly cloudy throughout the day.","partly-cloudy-day",1359991973,1360026986,0.82,4e-04,0.01,1,45.05,1359968400,49.75,1360015200,40.58,1359982800,48.39,1360015200,42.33,0.84,5.82,170,9.92,0.9,1019.1,1360022400,"rain"
"36","2013-02-05",1006,1360051200,"Breezy overnight, with light rain until evening.","rain",1360078289,1360113482,0.85,0.0051,0.0341,1,45.5,1360076400,49.87,1360098000,39.02,1360134000,45.04,1360098000,42.37,0.84,11.97,179,9.59,0.9,1011.74,1360072800,"rain"
"37","2013-02-06",997.5,1360137600,"Rain in the evening.","rain",1360164602,1360199978,0.89,0.0024,0.0259,1,44.5,1360166400,50.25,1360188000,37.9,1360166400,50.25,1360188000,40.92,0.81,10.27,173,9.88,0.94,1014.7,1360198800,"rain"
"38","2013-02-07",1093.5,1360224000,"Windy in the morning.","wind",1360250915,1360286473,0.92,0.0032,0.0541,1,41.96,1360306800,48.07,1360281600,34.9,1360238400,48.07,1360281600,37.52,0.75,6.98,189,9.98,0.43,1016.21,1360231200,"rain"
"39","2013-02-08",1080.5,1360310400,"Overcast throughout the day.","partly-cloudy-day",1360337225,1360372969,0.95,0,0,0,39.79,1360335600,44.71,1360371600,33.4,1360317600,42.31,1360371600,37.73,0.84,4.56,345,9.91,0.9,1025.14,NA,NA
"40","2013-02-09",557,1360396800,"Overcast throughout the day.","partly-cloudy-day",1360423534,1360459464,0.99,2e-04,0.0059,0.59,40.94,1360422000,45.32,1360447200,37.74,1360425600,45.32,1360447200,39.08,0.86,0.36,331,8.87,0.96,1025.87,1360465200,"rain"
"41","2013-02-10",656,1360483200,"Foggy in the morning.","fog",1360509842,1360545960,0.02,0,0,0,37.73,1360515600,44.4,1360540800,37.73,1360515600,44.4,1360540800,39.16,0.89,1.44,324,7.6,0.78,1028.08,NA,NA
"42","2013-02-11",1072.5,1360569600,"Overcast throughout the day.","partly-cloudy-day",1360596148,1360632455,0.05,2e-04,0.0059,0.59,42.01,1360598400,47.9,1360627200,38.65,1360598400,43.76,1360627200,40.35,0.85,3.11,190,8.98,1,1027.71,1360580400,"rain"
"43","2013-02-12",1052.5,1360656000,"Overcast throughout the day.","partly-cloudy-day",1360682453,1360718950,0.09,0,0,0,44.98,1360670400,50.82,1360717200,41.75,1360663200,50.82,1360717200,45.1,0.92,7.82,186,8.34,1,1027.86,NA,NA
"44","2013-02-13",1033,1360742400,"Overcast throughout the day.","partly-cloudy-day",1360768756,1360805445,0.12,2e-04,0.0041,0.41,45.36,1360785600,49.16,1360746000,41.79,1360782000,46.77,1360746000,43.19,0.87,3.08,187,9.85,0.95,1030.11,1360821600,"rain"
"45","2013-02-14",942,1360828800,"Light rain in the morning.","rain",1360855057,1360891940,0.16,9e-04,0.01,1,44.05,1360857600,49.6,1360886400,39.51,1360857600,49.6,1360886400,43.96,0.92,3.85,172,9.78,0.96,1034.08,1360854000,"rain"
"46","2013-02-15",1152,1360915200,"Foggy in the morning.","fog",1360941358,1360978435,0.19,0,0,0,42.74,1360944000,51.29,1360976400,39.09,1360947600,51.29,1360976400,44.23,0.92,5.62,354,7.33,0.47,1029.16,NA,NA
"47","2013-02-16",508.5,1361001600,"Mostly cloudy throughout the day.","partly-cloudy-day",1361027657,1361064929,0.22,0,0,0,42.54,1361008800,51.09,1361048400,37.19,1361012400,51.09,1361048400,42.33,0.87,5.38,172,9.67,0.76,1021.42,NA,NA
"48","2013-02-17",434.5,1361088000,"Overcast throughout the day.","partly-cloudy-day",1361113955,1361151424,0.26,0,0,0,41.27,1361120400,45.32,1361145600,35.68,1361120400,42.22,1361145600,36.87,0.79,5.43,170,10,0.98,1022.9,NA,NA
"49","2013-02-18",740.5,1361174400,"Mostly cloudy throughout the day.","partly-cloudy-day",1361200252,1361237917,0.29,3e-04,0.0081,0.41,40.22,1361196000,46.63,1361232000,37.56,1361210400,42.84,1361232000,37.75,0.82,5.08,175,9.97,0.84,1014.02,1361228400,"rain"
"50","2013-02-19",1293,1361260800,"Mostly cloudy until afternoon.","partly-cloudy-day",1361286547,1361324411,0.33,8e-04,0.0181,1,40.34,1361275200,48.02,1361314800,36.34,1361275200,43.7,1361314800,36.85,0.77,5.69,343,9.93,0.52,1010.5,1361318400,"rain"
"51","2013-02-20",1108.5,1361347200,"Light rain in the evening.","rain",1361372841,1361410905,0.36,0.0023,0.03,1,38.3,1361368800,44.98,1361401200,33.51,1361372400,40.5,1361401200,37.99,0.88,6.06,166,9.65,0.91,1016.92,1361412000,"rain"
"52","2013-02-21",945.5,1361433600,"Windy until afternoon.","wind",1361459135,1361497398,0.39,0.0015,0.0259,1,40.78,1361440800,44.82,1361498400,34.2,1361473200,40.43,1361498400,40.16,0.89,10.93,188,9.84,1,1017.31,1361491200,"rain"
"53","2013-02-22",680,1361520000,"Windy starting in the afternoon, continuing until evening, with rain until afternoon.","rain",1361545427,1361583890,0.43,0.0112,0.0619,1,40.66,1361599200,47.31,1361577600,33.06,1361595600,40.48,1361577600,39.82,0.86,16.32,190,9,0.78,1011.33,1361559600,"rain"
"54","2013-02-23",563,1361606400,"Overcast throughout the day.","partly-cloudy-day",1361631718,1361670383,0.46,0,0,0,40.37,1361613600,48.41,1361660400,34.74,1361610000,48.41,1361660400,36.43,0.76,5.23,158,10,0.98,1021.29,NA,NA
"55","2013-02-24",561,1361692800,"Light rain overnight.","rain",1361718008,1361756875,0.5,2e-04,0.0059,0.59,42,1361707200,48.13,1361750400,35.75,1361707200,42.54,1361750400,36.39,0.72,12.25,178,10,0.97,1024.62,1361775600,"rain"
"56","2013-02-25",1043,1361779200,"Overcast in the morning.","partly-cloudy-night",1361804297,1361843367,0.53,0.0049,0.0437,1,40.68,1361862000,50.64,1361833200,34,1361862000,50.64,1361833200,36.14,0.72,12.3,197,9.84,0.56,1018.03,1361782800,"rain"
"57","2013-02-26",1248.5,1361865600,"Light rain overnight.","rain",1361890585,1361929858,0.56,2e-04,0.0059,0.59,40.5,1361880000,47.82,1361923200,34.49,1361869200,44.38,1361923200,35.21,0.72,9.97,177,10,0.99,1025.73,1361923200,"rain"
"58","2013-02-27",1167,1361952000,"Rain in the evening.","rain",1361976873,1362016349,0.6,0.0088,0.0619,1,42.06,1361973600,47.56,1362009600,35.97,1361959200,44.58,1362009600,41.34,0.89,2.78,187,9,0.84,1025.19,1362020400,"rain"
"59","2013-02-28",879.5,1362038400,"Rain in the morning and overnight.","rain",1362063159,1362102840,0.63,0.0095,0.0441,1,43.71,1362060000,53.66,1362096000,40.4,1362049200,53.66,1362096000,46.44,0.95,6.65,160,9.01,1,1024.35,1362049200,"rain"
"60","2013-03-01",922.5,1362124800,"Light rain in the morning.","rain",1362149445,1362189330,0.66,0.0063,0.0559,1,51.14,1362128400,56.17,1362175200,51.14,1362128400,56.17,1362175200,49.47,0.87,12.06,183,9.06,1,1026.87,1362128400,"rain"
"61","2013-03-02",616.5,1362211200,"Light rain in the evening.","rain",1362235730,1362275821,0.7,0.0038,0.0325,1,41.25,1362294000,54.41,1362254400,37.32,1362294000,54.41,1362254400,46.4,0.88,7.6,158,9.61,0.91,1021.87,1362283200,"rain"
"62","2013-03-03",845,1362297600,"Partly cloudy until afternoon.","partly-cloudy-day",1362322014,1362362310,0.73,8e-04,0.0119,0.59,37.64,1362322800,49.3,1362355200,31.59,1362322800,49.3,1362355200,35.76,0.78,2.29,137,10,0.27,1025.09,1362297600,"rain"
"63","2013-03-04",1395.5,1362384000,"Clear throughout the day.","clear-day",1362408298,1362448800,0.77,0,0,0,34.68,1362409200,52.32,1362445200,28.73,1362409200,52.32,1362445200,32.68,0.68,4.82,25,10,0.08,1020.94,NA,NA
"64","2013-03-05",1199,1362470400,"Overcast throughout the day.","partly-cloudy-day",1362494580,1362535289,0.8,0.0021,0.05,1,42.62,1362484800,48.32,1362524400,39.62,1362553200,48.32,1362524400,36.23,0.71,4.29,327,9.87,0.83,1010.28,1362528000,"rain"
"65","2013-03-06",1020.5,1362556800,"Rain throughout the day.","rain",1362580863,1362621778,0.83,0.0147,0.0619,1,41.75,1362621600,44.91,1362614400,36.53,1362639600,44.91,1362614400,41.01,0.91,5.15,350,8.94,0.91,1005.89,1362621600,"rain"
"66","2013-03-07",1075,1362643200,"Light rain in the morning.","rain",1362667144,1362708266,0.87,0.0113,0.0559,1,42.45,1362643200,50.64,1362700800,38.54,1362643200,50.64,1362700800,41.94,0.87,2.74,184,9.37,0.77,1016.94,1362650400,"rain"
"67","2013-03-08",1369.5,1362729600,"Mostly cloudy in the morning.","partly-cloudy-day",1362753425,1362794754,0.9,0,0,0,39.06,1362758400,50.71,1362787200,35.24,1362758400,50.71,1362787200,40.18,0.87,4.86,357,8.92,0.44,1020.67,NA,NA
"68","2013-03-09",1215,1362816000,"Clear throughout the day.","clear-day",1362839706,1362881242,0.94,2e-04,0.0041,0.41,36.65,1362841200,52.39,1362877200,34.71,1362848400,52.39,1362877200,39.59,0.86,0.92,51,9.56,0.12,1029.5,1362873600,"rain"
"69","2013-03-10",523,1362898800,"Overcast throughout the day.","partly-cloudy-day",1362925986,1362967730,0.97,6e-04,0.0059,0.59,40.97,1362913200,47.56,1362960000,36.85,1362927600,45.82,1362960000,40.76,0.89,3.08,162,9.85,0.8,1031.88,1362970800,"rain"
"70","2013-03-11",1125,1362985200,"Light rain in the evening.","rain",1363012266,1363054217,0,0.0017,0.0241,1,43.67,1363014000,50.56,1363046400,41.43,1363010400,50.56,1363046400,43.76,0.9,2.52,155,8.65,0.89,1028.06,1363053600,"rain"
"71","2013-03-12",990,1363071600,"Overcast throughout the day.","partly-cloudy-day",1363098545,1363140704,0.04,5e-04,0.0041,0.41,48.55,1363071600,54.3,1363118400,43.79,1363071600,54.3,1363118400,49.18,0.91,13.59,178,8.85,1,1019.62,1363150800,"rain"
"72","2013-03-13",947,1363158000,"Light rain until afternoon.","rain",1363184824,1363227191,0.07,0.005,0.0359,1,50.03,1363183200,52.93,1363226400,50.03,1363183200,52.93,1363226400,49.29,0.92,11.3,170,9.35,0.95,1021.16,1363204800,"rain"
"73","2013-03-14",1101,1363244400,"Light rain in the evening.","rain",1363271103,1363313678,0.1,0.0018,0.0141,1,48.71,1363327200,54.01,1363305600,44.54,1363323600,54.01,1363305600,48.13,0.9,8.28,169,8.3,0.87,1018.75,1363316400,"rain"
"74","2013-03-15",1177.5,1363330800,"Overcast throughout the day.","partly-cloudy-day",1363357381,1363400164,0.14,4e-04,0.01,1,48.71,1363330800,55.9,1363388400,43.48,1363334400,55.9,1363388400,49.08,0.91,9.14,176,9.65,1,1021.75,1363330800,"rain"
"75","2013-03-16",531.5,1363417200,"Windy starting in the afternoon, continuing until evening, with rain in the afternoon.","rain",1363443659,1363486650,0.17,0.0029,0.0544,1,41.66,1363500000,49.32,1363417200,35.35,1363496400,46.54,1363417200,42.78,0.84,11.36,199,9.63,0.88,1016.32,1363464000,"rain"
"76","2013-03-17",647.5,1363503600,"Mostly cloudy throughout the day.","partly-cloudy-day",1363529937,1363573136,0.2,0,0,0,39.82,1363532400,47.64,1363557600,34.51,1363586400,41.85,1363557600,35.48,0.76,6.98,194,10,0.74,1020.59,NA,NA
"77","2013-03-18",1190.5,1363590000,"Windy in the morning.","wind",1363616214,1363659622,0.24,7e-04,0.0159,1,40.82,1363593600,50.75,1363644000,33.16,1363611600,50.75,1363644000,36.75,0.74,5.32,189,9.88,0.7,1022.25,1363651200,"rain"
"78","2013-03-19",1156,1363676400,"Rain in the evening.","rain",1363702492,1363746108,0.27,0.0108,0.0819,1,39.84,1363698000,50.91,1363730400,34.95,1363694400,50.91,1363730400,36.78,0.77,2.45,81,9.5,0.53,1015.68,1363752000,"rain"
"79","2013-03-20",753.5,1363762800,"Windy until evening, with rain until afternoon.","rain",1363788769,1363832593,0.31,0.0262,0.1078,1,41.82,1363842000,51.54,1363795200,35.83,1363845600,51.54,1363795200,41.69,0.83,14,189,8.99,0.76,1003.21,1363766400,"rain"
"80","2013-03-21",962,1363849200,"Light rain in the afternoon.","rain",1363875046,1363919079,0.34,0.0031,0.0359,1,37.23,1363932000,46.2,1363896000,30.99,1363928400,42.74,1363896000,34.74,0.79,5.14,195,9.61,0.93,1020.92,1363906800,"rain"
"81","2013-03-22",931,1363935600,"Mostly cloudy until afternoon.","partly-cloudy-day",1363961323,1364005564,0.37,0,0,0,36.55,1363964400,46.11,1363996800,30.65,1363946400,43.67,1363996800,32.75,0.77,0.59,124,10,0.53,1026.32,NA,NA
"82","2013-03-23",876,1364022000,"Clear throughout the day.","clear-day",1364047600,1364092049,0.41,0,0,0,36.19,1364047200,48.94,1364083200,31.32,1364047200,47.25,1364083200,30.01,0.65,1.35,142,10,0.05,1028.42,NA,NA
"83","2013-03-24",692.5,1364108400,"Mostly cloudy starting in the afternoon.","partly-cloudy-day",1364133878,1364178534,0.44,0,0,0,36.09,1364130000,52.33,1364169600,34.43,1364126400,52.33,1364169600,31.69,0.65,1.28,8,10,0.46,1023.94,NA,NA
"84","2013-03-25",1579.5,1364194800,"Mostly cloudy in the evening.","partly-cloudy-day",1364220155,1364265019,0.48,0,0,0,40.65,1364220000,55.61,1364263200,37.24,1364220000,55.61,1364263200,33.55,0.57,3.96,348,10,0.35,1017.37,NA,NA
"85","2013-03-26",1507.5,1364281200,"Mostly cloudy until afternoon.","partly-cloudy-day",1364306432,1364351503,0.51,0,0,0,46.59,1364310000,54.44,1364349600,43.63,1364299200,54.44,1364349600,41.24,0.71,3.64,353,9.98,0.81,1015.64,NA,NA
"86","2013-03-27",1308.5,1364367600,"Mostly cloudy throughout the day.","partly-cloudy-day",1364392710,1364437988,0.54,8e-04,0.0181,1,47.41,1364400000,53.41,1364428800,42.48,1364400000,53.41,1364428800,43.82,0.81,3.64,356,9.89,0.85,1015.01,1364425200,"rain"
"87","2013-03-28",1353,1364454000,"Light rain in the morning.","rain",1364478987,1364524473,0.58,0.002,0.0241,1,46.01,1364461200,59.22,1364515200,44.55,1364464800,59.22,1364515200,46.5,0.86,0.91,1,9.61,0.65,1018.43,1364479200,"rain"
"88","2013-03-29",1603.5,1364540400,"Overcast in the morning.","partly-cloudy-night",1364565265,1364610957,0.61,2e-04,0.0059,0.59,46.94,1364558400,58.44,1364601600,45.5,1364565600,58.44,1364601600,47.27,0.85,3.74,2,10,0.34,1023.4,1364576400,"rain"
"89","2013-03-30",1248.5,1364626800,"Clear throughout the day.","clear-day",1364651543,1364697442,0.64,0,0,0,44.61,1364652000,60.36,1364688000,39.97,1364652000,60.36,1364688000,46.95,0.84,7.8,355,9.78,0,1022.72,NA,NA
"90","2013-03-31",1181.5,1364713200,"Clear throughout the day.","clear-day",1364737821,1364783927,0.68,0,0,0,47.7,1364738400,62.15,1364781600,46.08,1364738400,62.15,1364781600,45.5,0.72,6.08,352,9.98,0,1016.2,NA,NA
"91","2013-04-01",1624,1364799600,"Mostly cloudy until afternoon.","partly-cloudy-day",1364824100,1364870411,0.71,0,0,0,48.6,1364814000,60.01,1364864400,45.06,1364814000,60.01,1364864400,47.83,0.84,7.91,183,9.8,0.59,1018.52,NA,NA
"92","2013-04-02",1643.5,1364886000,"Overcast throughout the day.","partly-cloudy-day",1364910379,1364956896,0.75,0,0,0,49.66,1364911200,56.49,1364947200,46.4,1364904000,56.49,1364947200,47.14,0.84,5.57,175,10,0.96,1022.42,NA,NA
"93","2013-04-03",1743,1364972400,"Clear throughout the day.","clear-day",1364996658,1365043380,0.78,0.0011,0.0259,1,47.1,1364997600,55.49,1365026400,45.7,1364990400,55.49,1365026400,47.23,0.86,3.58,347,9.73,0.43,1019.99,1365033600,"rain"
"94","2013-04-04",1003.5,1365058800,"Light rain starting in the afternoon.","rain",1365082938,1365129865,0.81,0.01,0.0441,1,48.91,1365087600,56.8,1365130800,46.42,1365087600,56.8,1365130800,49.19,0.91,1,191,8.27,0.94,1008.27,1365112800,"rain"
"95","2013-04-05",921,1365145200,"Rain in the morning and in the evening.","rain",1365169218,1365216350,0.85,0.0192,0.0763,1,49.77,1365220800,55.75,1365202800,46.37,1365220800,55.75,1365202800,49.99,0.91,12.27,186,8.88,0.97,1009.89,1365159600,"rain"
"96","2013-04-06",394.5,1365231600,"Rain throughout the day.","rain",1365255498,1365302834,0.88,0.022,0.1253,1,46.66,1365278400,51.11,1365246000,41.09,1365253200,51.11,1365246000,45.84,0.9,11.76,178,9.13,0.93,1010.89,1365253200,"rain"
"97","2013-04-07",288.5,1365318000,"Rain until evening.","rain",1365341779,1365389319,0.92,0.028,0.1194,1,41.54,1365343200,49.48,1365379200,35.45,1365343200,48.18,1365379200,42.56,0.93,1.33,111,8,1,1006.41,1365339600,"rain"
"98","2013-04-08",1344.5,1365404400,"Light rain in the morning.","rain",1365428061,1365475804,0.95,0.0015,0.0119,1,43.05,1365408000,53.63,1365462000,39.08,1365415200,53.63,1365462000,43.92,0.87,5.07,174,9.95,0.9,1019.55,1365418800,"rain"
"99","2013-04-09",1450,1365490800,"Mostly cloudy throughout the day.","partly-cloudy-day",1365514343,1365562288,0.98,0,0,0,45.12,1365512400,54,1365552000,40.71,1365512400,54,1365552000,43.53,0.81,7.9,173,10,0.79,1026.23,NA,NA
"100","2013-04-10",1056.5,1365577200,"Rain in the morning.","rain",1365600626,1365648773,0.02,0.0079,0.0741,1,49.28,1365660000,57.03,1365634800,45.56,1365660000,57.03,1365634800,46.16,0.79,9.03,171,9.16,0.86,1019.47,1365613200,"rain"
"101","2013-04-11",1249.5,1365663600,"Rain until afternoon.","rain",1365686909,1365735258,0.05,0.0046,0.0537,1,44.7,1365696000,51.03,1365721200,41.71,1365678000,51.03,1365721200,41.26,0.78,0.77,108,9.47,0.92,1024.9,1365703200,"rain"
"102","2013-04-12",1022.5,1365750000,"Light rain and breezy starting in the afternoon.","rain",1365773193,1365821743,0.09,0.0066,0.0359,1,42.82,1365778800,47.05,1365750000,37.53,1365825600,46.27,1365750000,40.27,0.85,8.05,176,8.81,0.7,1014.97,1365804000,"rain"
"103","2013-04-13",423,1365836400,"Rain in the evening.","rain",1365859478,1365908228,0.12,0.0145,0.1335,1,40,1365858000,48.03,1365897600,33.64,1365858000,48.03,1365897600,38.39,0.82,7.2,186,9.61,0.91,1012.42,1365904800,"rain"
"104","2013-04-14",732,1365922800,"Overcast in the morning.","partly-cloudy-day",1365945763,1365994713,0.15,0.0065,0.0603,1,40.46,1365937200,51.6,1365984000,37.22,1365940800,51.6,1365984000,39.26,0.81,1.29,205,9.53,0.79,1015.6,1365926400,"rain"
"105","2013-04-15",1343.5,1366009200,"Mostly cloudy until afternoon.","partly-cloudy-day",1366032049,1366081198,0.19,5e-04,0.0122,0.41,41.17,1366030800,52.06,1366066800,38.69,1366020000,52.06,1366066800,40.41,0.82,1.91,337,9.97,0.7,1017.62,1366081200,"rain"
"106","2013-04-16",1538,1366095600,"Mostly cloudy until evening.","partly-cloudy-day",1366118336,1366167683,0.22,0.0017,0.0416,0.59,40.33,1366113600,54.62,1366156800,37.7,1366106400,54.62,1366156800,39.02,0.76,0.96,38,9.97,0.44,1026.48,1366153200,"rain"
"107","2013-04-17",1469.5,1366182000,"Mostly cloudy starting in the afternoon.","partly-cloudy-day",1366204624,1366254168,0.25,0.001,0.0237,0.59,41.58,1366207200,56.63,1366239600,37.19,1366210800,56.63,1366239600,39.18,0.7,2.75,153,9.92,0.4,1030.63,1366243200,"rain"
"108","2013-04-18",986,1366268400,"Breezy in the evening, with light rain starting in the afternoon.","rain",1366290913,1366340653,0.29,0.0046,0.0341,1,44.71,1366279200,50.93,1366333200,40.07,1366279200,50.93,1366333200,43.82,0.85,9.83,178,9.78,0.99,1029.55,1366336800,"rain"
"109","2013-04-19",692.5,1366354800,"Rain throughout the day.","rain",1366377202,1366427139,0.32,0.0223,0.0959,1,49.32,1366437600,52.68,1366408800,44.07,1366365600,52.68,1366408800,48.04,0.9,7.64,173,7.94,1,1020.46,1366390800,"rain"
"110","2013-04-20",516,1366441200,"Overcast throughout the day.","partly-cloudy-day",1366463493,1366513624,0.36,0.0038,0.0763,1,47.82,1366466400,54.81,1366495200,43.81,1366466400,54.81,1366495200,46.74,0.88,4.96,181,9.95,1,1024.41,1366441200,"rain"
"111","2013-04-21",484,1366527600,"Light rain in the afternoon.","rain",1366549785,1366600109,0.39,0.0018,0.01,1,45.75,1366560000,54.1,1366588800,41.33,1366552800,54.1,1366588800,42.98,0.84,1.41,272,9.53,0.89,1025.29,1366578000,"rain"
"112","2013-04-22",1816.5,1366614000,"Partly cloudy in the morning.","partly-cloudy-day",1366636077,1366686594,0.42,0,0,0,42.74,1366639200,56.69,1366675200,37.7,1366635600,56.69,1366675200,38.62,0.69,8.57,359,9.66,0.1,1031.72,NA,NA
"113","2013-04-23",1971,1366700400,"Clear throughout the day.","clear-day",1366722371,1366773079,0.46,0,0,0,40.97,1366725600,60.27,1366761600,40.15,1366729200,60.27,1366761600,37.78,0.64,2.86,355,10,0.08,1027.32,NA,NA
"114","2013-04-24",2225,1366786800,"Clear throughout the day.","clear-day",1366808665,1366859564,0.49,0,0,0,44.04,1366812000,64.19,1366855200,44.04,1366812000,64.19,1366855200,40.82,0.63,3.15,345,10,0.01,1024.01,NA,NA
"115","2013-04-25",2083,1366873200,"Clear throughout the day.","clear-day",1366894961,1366946049,0.53,0,0,0,47.06,1366898400,65.81,1366930800,47.06,1366898400,65.81,1366930800,42.35,0.62,2.89,360,10,0.04,1018.86,NA,NA
"116","2013-04-26",1728.5,1366959600,"Mostly cloudy in the morning.","partly-cloudy-day",1366981258,1367032534,0.56,0,0,0,47.93,1366984800,62.87,1367024400,44.98,1366981200,62.87,1367024400,47.98,0.8,0.98,280,9.83,0.2,1023.54,NA,NA
"117","2013-04-27",607,1367046000,"Breezy starting in the afternoon, continuing until evening.","wind",1367067556,1367119019,0.59,5e-04,0.0081,0.41,52.27,1367128800,55.48,1367110800,52.27,1367128800,55.48,1367110800,46.04,0.75,9.99,187,9.92,0.67,1022.63,1367100000,"rain"
"118","2013-04-28",595,1367132400,"Breezy in the evening, with light rain until afternoon.","rain",1367153855,1367205504,0.63,0.0035,0.0359,1,48.93,1367157600,56.44,1367186400,43.92,1367211600,56.44,1367186400,46.85,0.84,4.51,191,9.92,0.92,1021.49,1367172000,"rain"
"119","2013-04-29",1346.5,1367218800,"Light rain in the morning.","rain",1367240156,1367291988,0.66,0.0072,0.0534,1,45.09,1367244000,53.62,1367276400,40.95,1367254800,53.62,1367276400,41.44,0.77,3.37,101,8.9,0.93,1018.2,1367229600,"rain"
"120","2013-04-30",1701,1367305200,"Partly cloudy in the morning.","partly-cloudy-day",1367326458,1367378473,0.69,0,0,0,41.21,1367326800,53.95,1367366400,37.81,1367330400,53.95,1367366400,34.71,0.64,1.79,27,10,0.52,1026.53,NA,NA
"121","2013-05-01",2508.5,1367391600,"Clear throughout the day.","clear-day",1367412761,1367464957,0.73,0,0,0,40.24,1367413200,58.42,1367456400,36.81,1367413200,58.42,1367456400,37.6,0.64,3.13,6,10,0.02,1034.38,NA,NA
"122","2013-05-02",2438.5,1367478000,"Partly cloudy in the evening.","partly-cloudy-day",1367499065,1367551441,0.76,0,0,0,48.06,1367499600,61.19,1367532000,44.57,1367496000,61.19,1367532000,41.95,0.63,8.25,350,10,0.08,1031.46,NA,NA
"123","2013-05-03",2260,1367564400,"Clear throughout the day.","clear-day",1367585371,1367637924,0.8,0,0,0,49.87,1367589600,65.18,1367625600,48.92,1367589600,65.18,1367625600,45.67,0.66,8.33,13,10,0.02,1027.33,NA,NA
"124","2013-05-04",1456,1367650800,"Clear throughout the day.","clear-day",1367671678,1367724408,0.83,0,0,0,53.39,1367672400,69.93,1367712000,53.39,1367672400,69.93,1367712000,48.08,0.62,7.75,3,10,0,1021.2,NA,NA
"125","2013-05-05",1501.5,1367737200,"Clear throughout the day.","clear-day",1367757987,1367810891,0.86,0,0,0,55.09,1367755200,75.27,1367798400,55.09,1367755200,75.27,1367798400,48.26,0.57,7.16,9,10,0,1012.57,NA,NA
"126","2013-05-06",2533,1367823600,"Clear throughout the day.","clear-day",1367844297,1367897373,0.9,0,0,0,54.49,1367845200,76.69,1367888400,54.49,1367845200,76.69,1367888400,49.12,0.61,3.85,13,10,0,1009.91,NA,NA
"127","2013-05-07",2551.5,1367910000,"Mostly cloudy until afternoon.","partly-cloudy-day",1367930609,1367983856,0.93,0,0,0,52.43,1367928000,65.64,1367974800,52.43,1367928000,65.64,1367974800,52.22,0.81,5.27,188,10,0.35,1014.07,NA,NA
"128","2013-05-08",2486,1367996400,"Overcast until afternoon.","partly-cloudy-day",1368016922,1368070337,0.97,0,0,0,52.77,1368003600,61.38,1368061200,52.77,1368003600,61.38,1368061200,51.37,0.86,3.62,198,9.78,0.54,1019.83,NA,NA
"129","2013-05-09",2331.5,1368082800,"Mostly cloudy until afternoon.","partly-cloudy-day",1368103237,1368156819,1,0,0,0,50.25,1368111600,62.93,1368144000,50.25,1368111600,62.93,1368144000,51.53,0.88,3.29,333,8.37,0.34,1022.32,NA,NA
"130","2013-05-10",2433,1368169200,"Clear throughout the day.","clear-day",1368189554,1368243300,0.03,0,0,0,50.75,1368187200,67.95,1368230400,50.75,1368187200,67.95,1368230400,50.5,0.78,4.62,2,9.67,0.03,1021.84,NA,NA
"131","2013-05-11",1240.5,1368255600,"Partly cloudy in the morning.","partly-cloudy-day",1368275872,1368329780,0.07,0,0,0,54.52,1368280800,75.37,1368313200,54.52,1368280800,75.37,1368313200,50.97,0.69,2.27,179,10,0.08,1019.61,NA,NA
"132","2013-05-12",631.5,1368342000,"Light rain in the morning and in the evening.","rain",1368362192,1368416259,0.1,0.0038,0.0337,1,58.87,1368424800,66.44,1368396000,58.87,1368424800,66.44,1368396000,56.92,0.85,7.24,173,9.31,0.85,1018.12,1368360000,"rain"
"133","2013-05-13",1683.5,1368428400,"Windy starting in the afternoon, continuing until evening.","wind",1368448514,1368502738,0.13,0.0016,0.01,1,51.55,1368511200,60.49,1368471600,51.55,1368511200,60.49,1368471600,51.86,0.84,11.22,194,9.62,0.67,1017.6,1368435600,"rain"
"134","2013-05-14",2287.5,1368514800,"Partly cloudy until evening.","partly-cloudy-day",1368534837,1368589217,0.17,2e-04,0.0059,0.59,48.18,1368532800,59.6,1368579600,43.69,1368529200,59.6,1368579600,44.12,0.71,2.86,178,9.92,0.23,1022.41,1368576000,"rain"
"135","2013-05-15",1948,1368601200,"Mostly cloudy throughout the day.","partly-cloudy-day",1368621163,1368675694,0.2,8e-04,0.0141,1,49.22,1368622800,60.4,1368651600,47.86,1368619200,60.4,1368651600,48.55,0.82,2.2,175,9.88,0.56,1018.55,1368666000,"rain"
"136","2013-05-16",2137,1368687600,"Mostly cloudy in the evening.","partly-cloudy-day",1368707490,1368762171,0.24,0,0,0,53.48,1368698400,63.85,1368745200,53.48,1368698400,63.85,1368745200,53.39,0.85,0.58,34,9.87,0.69,1014.72,NA,NA
"137","2013-05-17",2391.5,1368774000,"Mostly cloudy throughout the day.","partly-cloudy-day",1368793819,1368848647,0.27,0.0012,0.01,1,53.82,1368799200,60.86,1368831600,53.82,1368799200,60.86,1368831600,51.52,0.84,8.74,176,9.94,0.95,1015.97,1368799200,"rain"
"138","2013-05-18",907,1368860400,"Overcast throughout the day.","partly-cloudy-day",1368880150,1368935121,0.3,0,0,0,52.48,1368878400,58.56,1368921600,52.48,1368878400,58.56,1368921600,49.86,0.82,4.32,187,10,0.91,1021.34,NA,NA
"139","2013-05-19",1068,1368946800,"Mostly cloudy throughout the day.","partly-cloudy-day",1368966483,1369021595,0.34,0,0,0,54.09,1368972000,59.36,1369008000,54.09,1368972000,59.36,1369008000,51.67,0.85,4.89,354,10,0.79,1028.32,NA,NA
"140","2013-05-20",2324.5,1369033200,"Mostly cloudy until afternoon.","partly-cloudy-day",1369052818,1369108068,0.37,5e-04,0.0119,0.59,49.97,1369058400,61.6,1369090800,49.97,1369058400,61.6,1369090800,50.48,0.86,2.4,335,9.89,0.61,1022.24,1369094400,"rain"
"141","2013-05-21",1240.5,1369119600,"Rain in the morning and overnight.","rain",1369139156,1369194540,0.41,0.0108,0.0678,1,47.05,1369141200,56.18,1369170000,42.69,1369144800,56.18,1369170000,47.45,0.88,3.84,193,9.19,0.97,1010.77,1369130400,"rain"
"142","2013-05-22",1430,1369206000,"Light rain until afternoon.","rain",1369225495,1369281011,0.44,0.0103,0.0441,1,45.55,1369238400,53.14,1369270800,41.19,1369238400,53.14,1369270800,46.19,0.91,6.27,172,8.75,1,1012.63,1369220400,"rain"
"143","2013-05-23",1511.5,1369292400,"Light rain until afternoon.","rain",1369311836,1369367480,0.47,0.0028,0.0122,1,46.16,1369310400,53.45,1369353600,43.21,1369310400,53.45,1369353600,46.65,0.89,4.6,200,9.79,0.92,1015.65,1369314000,"rain"
"144","2013-05-24",1686.5,1369378800,"Light rain in the morning.","rain",1369398179,1369453949,0.51,8e-04,0.01,1,49.21,1369393200,60.11,1369440000,48.61,1369382400,60.11,1369440000,48.62,0.84,3.79,196,9.92,0.9,1016.68,1369393200,"rain"
"145","2013-05-25",883,1369465200,"Mostly cloudy throughout the day.","partly-cloudy-day",1369484525,1369540416,0.54,0,0,0,51.55,1369490400,59.9,1369519200,51.55,1369490400,59.9,1369519200,49.44,0.82,4.43,190,10,0.93,1017.13,NA,NA
"146","2013-05-26",595.5,1369551600,"Light rain in the morning.","rain",1369570873,1369626881,0.58,0.002,0.0159,1,50.2,1369573200,60.4,1369605600,50.2,1369573200,60.4,1369605600,50.88,0.87,1.55,234,9.51,0.97,1015.41,1369576800,"rain"
"147","2013-05-27",384.5,1369638000,"Light rain until evening.","rain",1369657223,1369713346,0.61,0.01,0.0444,1,52.49,1369656000,58.96,1369692000,52.49,1369656000,58.96,1369692000,51.01,0.85,5.35,157,9.36,0.86,1009.58,1369710000,"rain"
"148","2013-05-28",1679.5,1369724400,"Overcast throughout the day.","partly-cloudy-day",1369743575,1369799808,0.64,0.0011,0.0122,0.59,52.77,1369735200,59.23,1369782000,52.77,1369735200,59.23,1369782000,50.58,0.83,9.04,188,9.88,1,1010.98,1369771200,"rain"
"149","2013-05-29",1568.5,1369810800,"Rain in the morning.","rain",1369829930,1369886270,0.68,0.006,0.0878,1,49.43,1369832400,57.41,1369868400,47.08,1369832400,57.41,1369868400,50.41,0.89,1.45,225,9.73,0.97,1009.46,1369828800,"rain"
"150","2013-05-30",1981.5,1369897200,"Mostly cloudy throughout the day.","partly-cloudy-day",1369916287,1369972729,0.71,0,0,0,50.55,1369915200,59.03,1369958400,50.55,1369915200,59.03,1369958400,49.48,0.84,10.2,184,9.85,0.86,1019.75,NA,NA
"151","2013-05-31",2207.5,1369983600,"Overcast until afternoon.","partly-cloudy-day",1370002646,1370059187,0.74,0,0,0,51.3,1370001600,62.56,1370044800,51.3,1370001600,62.56,1370044800,50.26,0.81,0.77,296,10,0.7,1026.38,NA,NA
"152","2013-06-01",1120,1370070000,"Mostly cloudy throughout the day.","partly-cloudy-day",1370089008,1370145644,0.78,0,0,0,52.69,1370091600,65.51,1370120400,52.69,1370091600,65.51,1370120400,51.38,0.78,3.77,348,10,0.52,1021.68,NA,NA
"153","2013-06-02",1338,1370156400,"Mostly cloudy until afternoon.","partly-cloudy-day",1370175372,1370232098,0.81,2e-04,0.0041,0.41,54.3,1370174400,65.45,1370228400,54.3,1370174400,65.45,1370228400,51.24,0.74,4.3,343,9.98,0.56,1018.78,1370174400,"rain"
"154","2013-06-03",2146,1370242800,"Mostly cloudy until afternoon.","partly-cloudy-day",1370261739,1370318551,0.85,0,0,0,52.26,1370260800,66.71,1370304000,52.26,1370260800,66.71,1370304000,53.58,0.85,0.91,239,9.94,0.34,1019.49,NA,NA
"155","2013-06-04",2560.5,1370329200,"Clear throughout the day.","clear-day",1370348108,1370405002,0.88,0,0,0,54.15,1370350800,71.22,1370394000,54.15,1370350800,71.22,1370394000,55.19,0.78,5.96,350,10,0.02,1019.3,NA,NA
"156","2013-06-05",2519,1370415600,"Clear throughout the day.","clear-day",1370434479,1370491451,0.91,0,0,0,56.74,1370433600,70.23,1370476800,56.74,1370433600,70.23,1370476800,56.61,0.8,4.79,350,10,0.06,1018.32,NA,NA
"157","2013-06-06",2319.5,1370502000,"Clear throughout the day.","clear-day",1370520853,1370577898,0.95,0,0,0,55.02,1370520000,70.32,1370570400,55.02,1370520000,70.32,1370570400,54.72,0.75,3.7,351,10,0.06,1017.58,NA,NA
"158","2013-06-07",1838,1370588400,"Mostly cloudy throughout the day.","partly-cloudy-day",1370607230,1370664343,0.98,0,0,0,56.43,1370610000,65.69,1370638800,56.43,1370610000,65.69,1370638800,53.1,0.77,2.09,188,9.86,0.82,1019.06,NA,NA
"159","2013-06-08",1089.5,1370674800,"Overcast until afternoon.","partly-cloudy-day",1370693609,1370750786,0.02,0,0,0,54.82,1370696400,62.92,1370743200,54.82,1370696400,62.92,1370743200,52.3,0.8,4.08,359,9.97,0.8,1021.53,NA,NA
"160","2013-06-09",1040.5,1370761200,"Mostly cloudy throughout the day.","partly-cloudy-day",1370779990,1370837227,0.05,0,0,0,54.09,1370782800,62.96,1370822400,54.09,1370782800,62.96,1370822400,51.23,0.8,5.4,357,10,0.7,1019.2,NA,NA
"161","2013-06-10",2184.5,1370847600,"Partly cloudy in the evening.","partly-cloudy-day",1370866374,1370923665,0.08,0,0,0,51.14,1370869200,64.77,1370905200,51.14,1370869200,64.77,1370905200,49.48,0.74,3.22,356,10,0.43,1015.33,NA,NA
"162","2013-06-11",1839,1370934000,"Breezy in the evening.","wind",1370952761,1371010102,0.12,0,0,0,52.71,1370955600,63.72,1370991600,52.71,1370955600,63.72,1370991600,49.29,0.75,10.55,187,9.78,0.62,1016.78,NA,NA
"163","2013-06-12",2002.5,1371020400,"Mostly cloudy throughout the day.","partly-cloudy-day",1371039150,1371096536,0.15,0,0,0,53.93,1371042000,63.67,1371074400,53.93,1371042000,63.67,1371074400,50.01,0.76,8.16,195,9.82,0.64,1020.54,NA,NA
"164","2013-06-13",1957.5,1371106800,"Mostly cloudy until evening.","partly-cloudy-day",1371125542,1371182968,0.18,0,0,0,53.82,1371124800,63.28,1371164400,53.82,1371124800,63.28,1371164400,50.88,0.78,1.31,277,9.9,0.72,1022.12,NA,NA
"165","2013-06-14",604.5,1371193200,"Overcast until afternoon.","partly-cloudy-day",1371211936,1371269398,0.22,0,0,0,54.82,1371207600,64.34,1371254400,54.82,1371207600,64.34,1371254400,51.86,0.8,4.43,187,9.92,0.7,1022.66,NA,NA
"166","2013-06-15",1254,1371279600,"Clear throughout the day.","clear-day",1371298333,1371355825,0.25,0,0,0,53.38,1371297600,68.51,1371344400,53.38,1371297600,68.51,1371344400,53.32,0.77,6.81,352,10,0.11,1015.38,NA,NA
"167","2013-06-16",1151,1371366000,"Partly cloudy in the evening.","partly-cloudy-day",1371384732,1371442250,0.29,0,0,0,55.68,1371391200,69.49,1371427200,55.68,1371391200,69.49,1371427200,54.04,0.76,3.35,196,10,0.13,1017.84,NA,NA
"168","2013-06-17",2126,1371452400,"Mostly cloudy in the morning.","partly-cloudy-day",1371471134,1371528672,0.32,7e-04,0.0163,0.41,57.25,1371474000,72.51,1371517200,57.25,1371474000,72.51,1371517200,45.17,0.55,3.94,200,9.9,0.61,1016.83,1371531600,"rain"
"169","2013-06-18",2263,1371538800,"Partly cloudy throughout the day.","partly-cloudy-day",1371557538,1371615092,0.35,0,0,0,57.09,1371549600,69.58,1371596400,57.09,1371549600,69.58,1371596400,43.52,0.52,6.02,187,9.76,0.53,1014.51,NA,NA
"170","2013-06-19",1827.5,1371625200,"Overcast throughout the day.","partly-cloudy-day",1371643945,1371701510,0.39,8e-04,0.0122,0.41,55.55,1371639600,62.57,1371690000,55.55,1371639600,62.57,1371690000,44.43,0.6,4.2,188,9.77,0.86,1014.76,1371700800,"rain"
"171","2013-06-20",1235.5,1371711600,"Overcast throughout the day.","partly-cloudy-day",1371730355,1371787925,0.42,0.001,0.0081,0.41,53.93,1371790800,61.02,1371758400,53.93,1371790800,61.02,1371758400,43.69,0.61,4.21,180,9.67,1,1016.67,1371769200,"rain"
"172","2013-06-21",1505,1371798000,"Mostly cloudy until evening.","partly-cloudy-day",1371816767,1371874337,0.46,4e-04,0.0059,0.59,53.82,1371819600,66.6,1371859200,53.82,1371819600,66.6,1371859200,42.58,0.56,0.85,54,9.52,0.75,1020.9,1371812400,"rain"
"173","2013-06-22",1571.5,1371884400,"Clear throughout the day.","clear-day",1371903181,1371960747,0.49,0,0,0,54.43,1371906000,71.1,1371942000,54.43,1371906000,71.1,1371942000,43.58,0.52,3.27,1,10,0.16,1016.55,NA,NA
"174","2013-06-23",822,1371970800,"Light rain overnight.","rain",1371989598,1372047154,0.52,7e-04,0.0081,0.41,57.28,1371996000,64.78,1372035600,57.28,1371996000,64.78,1372035600,43.94,0.53,2.28,354,9.8,0.82,1007.53,1372053600,"rain"
"175","2013-06-24",1216,1372057200,"Rain in the morning.","rain",1372076017,1372133559,0.56,0.0068,0.06,1,57.48,1372086000,65.65,1372114800,57.48,1372086000,65.65,1372114800,46.9,0.6,7.89,177,9.84,0.86,1004.42,1372078800,"rain"
"176","2013-06-25",1324.5,1372143600,"Rain in the evening.","rain",1372162439,1372219961,0.59,0.0087,0.0859,1,57.57,1372172400,70.33,1372201200,57.57,1372172400,70.33,1372201200,52.17,0.72,5.49,169,9.5,0.75,1007.4,1372219200,"rain"
"177","2013-06-26",1452,1372230000,"Heavy rain in the afternoon.","rain",1372248863,1372306361,0.62,0.0184,0.3275,1,58.3,1372251600,67.6,1372284000,58.3,1372251600,67.6,1372284000,52.7,0.72,4.2,173,9.56,0.82,1014.63,1372273200,"rain"
"178","2013-06-27",1464,1372316400,"Light rain until afternoon.","rain",1372335289,1372392758,0.66,0.0046,0.0319,1,57.67,1372338000,69.57,1372377600,57.67,1372338000,69.57,1372377600,54.63,0.76,1.73,172,9.76,0.79,1020.48,1372338000,"rain"
"179","2013-06-28",2049.5,1372402800,"Partly cloudy throughout the day.","partly-cloudy-day",1372421718,1372479152,0.69,0,0,0,58.39,1372420800,73.26,1372467600,58.39,1372420800,73.26,1372467600,52.15,0.65,3.97,4,10,0.23,1020.12,NA,NA
"180","2013-06-29",1366,1372489200,"Partly cloudy until afternoon.","partly-cloudy-day",1372508149,1372565544,0.73,0,0,0,61.37,1372518000,74.49,1372550400,61.37,1372518000,74.49,1372550400,51.42,0.58,2.4,359,9.81,0.21,1018.23,NA,NA
"181","2013-06-30",1373,1372575600,"Clear throughout the day.","clear-day",1372594582,1372651933,0.76,0,0,0,59.67,1372597200,80.26,1372636800,59.67,1372597200,80.13,1372636800,52.04,0.55,4.94,12,9.48,0.02,1014.25,NA,NA
"182","2013-07-01",2103.5,1372662000,"Clear throughout the day.","clear-day",1372681017,1372738320,0.79,0,0,0,63.59,1372687200,76.17,1372719600,63.59,1372687200,76.17,1372719600,50.6,0.53,3.7,4,9.28,0.02,1014.5,NA,NA
"183","2013-07-02",2348,1372748400,"Partly cloudy in the morning.","partly-cloudy-day",1372767454,1372824704,0.83,0,0,0,59.74,1372770000,73.6,1372806000,59.74,1372770000,73.6,1372806000,48.86,0.57,4.27,356,9.73,0.07,1018.83,NA,NA
"184","2013-07-03",2127.5,1372834800,"Mostly cloudy in the morning.","partly-cloudy-day",1372853894,1372911085,0.86,0,0,0,60.52,1372856400,70.97,1372906800,60.52,1372856400,70.97,1372906800,44.4,0.47,5.98,352,9.15,0.25,1019.9,NA,NA
"185","2013-07-04",1874.5,1372921200,"Mostly cloudy throughout the day.","partly-cloudy-day",1372940335,1372997464,0.9,0,0,0,58.2,1372953600,66.42,1372982400,58.2,1372953600,66.42,1372982400,43.38,0.51,1.43,203,9.91,0.77,1019.33,NA,NA
"186","2013-07-05",1544,1373007600,"Overcast until afternoon.","partly-cloudy-day",1373026779,1373083840,0.93,0,0,0,57.59,1373032800,71.23,1373068800,57.59,1373032800,71.23,1373068800,43.83,0.5,2.33,211,9.89,0.55,1016.54,NA,NA
"187","2013-07-06",1461,1373094000,"Partly cloudy overnight.","partly-cloudy-night",1373113224,1373170214,0.96,0,0,0,56.71,1373115600,73.03,1373158800,56.71,1373115600,73.03,1373158800,42.61,0.47,3.15,333,9.95,0.13,1014.24,NA,NA
"188","2013-07-07",1297.5,1373180400,"Mostly cloudy until afternoon.","partly-cloudy-day",1373199672,1373256585,1,0,0,0,57.02,1373209200,72.43,1373248800,57.02,1373209200,72.43,1373248800,49.42,0.61,3.8,190,9.82,0.4,1013.73,NA,NA
"189","2013-07-08",2173.5,1373266800,"Mostly cloudy until afternoon.","partly-cloudy-day",1373286121,1373342954,0.03,0,0,0,56.2,1373288400,71.3,1373335200,56.2,1373288400,71.3,1373335200,49.43,0.63,3.86,198,9.83,0.37,1017.95,NA,NA
"190","2013-07-09",2408,1373353200,"Clear throughout the day.","clear-day",1373372572,1373429320,0.07,0,0,0,57.99,1373378400,74.18,1373418000,57.99,1373378400,74.18,1373418000,48.16,0.56,4.54,5,9.68,0.01,1018.52,NA,NA
"191","2013-07-10",2303.5,1373439600,"Mostly cloudy until afternoon.","partly-cloudy-day",1373459024,1373515684,0.1,0,0,0,57.47,1373468400,65.54,1373439600,57.47,1373468400,65.54,1373439600,49.03,0.64,0.91,272,9.86,0.48,1017.24,NA,NA
"192","2013-07-11",2050,1373526000,"Overcast until afternoon.","partly-cloudy-day",1373545479,1373602045,0.13,0,0,0,55.48,1373551200,64.75,1373590800,55.48,1373551200,64.75,1373590800,44.6,0.57,1.6,10,10,0.74,1017.78,NA,NA
"193","2013-07-12",1848,1373612400,"Partly cloudy in the afternoon.","partly-cloudy-day",1373631935,1373688404,0.17,0,0,0,55.75,1373634000,64.71,1373673600,55.75,1373634000,64.71,1373673600,44.65,0.59,0.9,336,10,0.16,1017.84,NA,NA
"194","2013-07-13",1349,1373698800,"Clear throughout the day.","clear-day",1373718392,1373774760,0.2,0,0,0,53.49,1373720400,71.52,1373760000,53.49,1373720400,71.52,1373760000,44.84,0.57,4.1,354,10,0.04,1021.37,NA,NA
"195","2013-07-14",1320,1373785200,"Mostly cloudy overnight.","partly-cloudy-night",1373804851,1373861114,0.23,0,0,0,55.31,1373806800,71.59,1373853600,55.31,1373806800,71.59,1373853600,42.63,0.48,4.72,5,10,0,1019.09,NA,NA
"196","2013-07-15",2209,1373871600,"Clear throughout the day.","clear-day",1373891312,1373947466,0.27,0,0,0,58.8,1373893200,73.9,1373936400,58.8,1373893200,73.9,1373936400,45.78,0.49,7.58,356,10,0.1,1016.01,NA,NA
"197","2013-07-16",2296.5,1373958000,"Clear throughout the day.","clear-day",1373977774,1374033816,0.3,0,0,0,62.3,1373979600,76.57,1374022800,62.3,1373979600,76.57,1374022800,46.65,0.44,5.94,1,9.98,0.06,1011.62,NA,NA
"198","2013-07-17",2085.5,1374044400,"Mostly cloudy until evening.","partly-cloudy-day",1374064237,1374120163,0.34,7e-04,0.0081,0.41,61.32,1374066000,68.78,1374048000,61.32,1374066000,68.78,1374048000,52.39,0.65,7.82,181,9.88,0.65,1019.24,1374055200,"rain"
"199","2013-07-18",2193,1374130800,"Mostly cloudy until afternoon.","partly-cloudy-day",1374150702,1374206508,0.37,0,0,0,58.48,1374152400,70.1,1374199200,58.48,1374152400,70.1,1374199200,50.68,0.65,4.12,346,9.95,0.49,1022.54,NA,NA
"200","2013-07-19",1957.5,1374217200,"Mostly cloudy until afternoon.","partly-cloudy-day",1374237167,1374292851,0.4,0,0,0,58.3,1374242400,70.7,1374282000,58.3,1374242400,70.7,1374282000,51.48,0.67,4.84,356,9.46,0.26,1020.26,NA,NA
"201","2013-07-20",1255.5,1374303600,"Mostly cloudy until afternoon.","partly-cloudy-day",1374323634,1374379191,0.44,0,0,0,56.2,1374332400,66.32,1374372000,56.2,1374332400,66.32,1374372000,50.79,0.71,1.48,339,8.93,0.35,1017.78,NA,NA
"202","2013-07-21",1212.5,1374390000,"Overcast until afternoon.","partly-cloudy-day",1374410102,1374465530,0.47,0,0,0,55.09,1374418800,69.17,1374454800,55.09,1374418800,69.17,1374454800,51.3,0.71,1.57,238,9.02,0.38,1014.94,NA,NA
"203","2013-07-22",2087,1374476400,"Mostly cloudy until afternoon.","partly-cloudy-day",1374496571,1374551866,0.51,0,0,0,56.09,1374501600,73.19,1374537600,56.09,1374501600,73.19,1374537600,50.95,0.68,1.64,201,9.18,0.47,1016.79,NA,NA
"204","2013-07-23",2302,1374562800,"Clear throughout the day.","clear-day",1374583041,1374638200,0.54,0,0,0,55.58,1374588000,76.07,1374624000,55.58,1374588000,76.07,1374624000,47.8,0.58,5.33,345,9.97,0.03,1017.24,NA,NA
"205","2013-07-24",2347,1374649200,"Clear throughout the day.","clear-day",1374669512,1374724533,0.57,0,0,0,57.18,1374670800,75.39,1374714000,57.18,1374670800,75.39,1374714000,45.54,0.51,3.86,9,9.97,0.02,1017.32,NA,NA
"206","2013-07-25",2236.5,1374735600,"Clear throughout the day.","clear-day",1374755984,1374810863,0.61,0,0,0,55.66,1374760800,75.87,1374804000,55.66,1374760800,75.87,1374804000,43.72,0.5,3.81,0,9.67,0,1018.8,NA,NA
"207","2013-07-26",1981.5,1374822000,"Clear throughout the day.","clear-day",1374842457,1374897191,0.64,0,0,0,56.9,1374843600,75.05,1374886800,56.9,1374843600,75.05,1374886800,43.9,0.49,4.17,13,9.95,0.01,1020.1,NA,NA
"208","2013-07-27",1250.5,1374908400,"Clear throughout the day.","clear-day",1374928931,1374983518,0.67,0,0,0,56.14,1374933600,70.37,1374966000,56.14,1374933600,70.37,1374966000,45.26,0.55,1.3,231,9.88,0.05,1019.74,NA,NA
"209","2013-07-28",990,1374994800,"Mostly cloudy until afternoon.","partly-cloudy-day",1375015405,1375069842,0.71,0,0,0,54.32,1375016400,66.1,1375059600,54.32,1375016400,66.1,1375059600,48.66,0.68,7.33,191,9.14,0.38,1016.52,NA,NA
"210","2013-07-29",2044,1375081200,"Mostly cloudy until afternoon.","partly-cloudy-day",1375101880,1375156165,0.74,0,0,0,56.75,1375095600,70.67,1375142400,56.75,1375095600,70.67,1375142400,48.25,0.62,2.2,177,9.6,0.48,1015.91,NA,NA
"211","2013-07-30",2270,1375167600,"Mostly cloudy in the morning.","partly-cloudy-day",1375188356,1375242486,0.78,0,0,0,55.93,1375192800,69.62,1375232400,55.93,1375192800,69.62,1375232400,49.71,0.66,2.65,177,9.48,0.28,1019.39,NA,NA
"212","2013-07-31",2061,1375254000,"Overcast until afternoon.","partly-cloudy-day",1375274832,1375328805,0.81,0,0,0,56.09,1375282800,68,1375315200,56.09,1375282800,68,1375315200,52.49,0.75,1.08,246,8.67,0.57,1019,NA,NA
"213","2013-08-01",1859.5,1375340400,"Clear throughout the day.","clear-day",1375361309,1375415122,0.84,0,0,0,55.93,1375358400,65.68,1375405200,55.93,1375358400,65.68,1375405200,51.6,0.73,8,187,9.91,NA,1018.11,NA,NA
"214","2013-08-02",1289.5,1375426800,"Clear throughout the day.","clear-day",1375447786,1375501438,0.88,2e-04,0.0041,0.41,58.7,1375455600,63.38,1375488000,58.7,1375455600,63.38,1375488000,52.67,0.77,5.56,173,9.85,NA,1019.77,1375477200,"rain"
"215","2013-08-03",1128.5,1375513200,"Clear throughout the day.","clear-day",1375534264,1375587752,0.91,5e-04,0.0081,0.41,58.45,1375516800,69.25,1375574400,58.45,1375516800,69.25,1375574400,53.13,0.73,4.55,356,8.93,NA,1019.76,1375538400,"rain"
"216","2013-08-04",1233,1375599600,"Clear throughout the day.","clear-day",1375620742,1375674064,0.95,0,0,0,56.9,1375624800,74.46,1375664400,56.9,1375624800,74.46,1375664400,51.38,0.64,6.28,343,10,0,1016.9,NA,NA
"217","2013-08-05",2156,1375686000,"Clear throughout the day.","clear-day",1375707221,1375760375,0.98,0,0,0,58.06,1375711200,75.84,1375750800,58.06,1375711200,75.84,1375750800,49.29,0.58,4.7,17,9.92,0,1015.49,NA,NA
"218","2013-08-06",2301,1375772400,"Clear throughout the day.","clear-day",1375793700,1375846684,0.01,0,0,0,56.68,1375797600,74.7,1375840800,56.68,1375797600,74.7,1375840800,46.63,0.54,4.23,10,9.98,0,1015.12,NA,NA
"219","2013-08-07",2278,1375858800,"Clear throughout the day.","clear-day",1375880179,1375932992,0.05,0,0,0,56.98,1375887600,75.55,1375920000,56.98,1375887600,75.55,1375920000,47.51,0.56,2.88,354,9.77,0,1015.53,NA,NA
"220","2013-08-08",2137.5,1375945200,"Clear throughout the day.","clear-day",1375966659,1376019299,0.08,0,0,0,57.86,1375970400,72.92,1376013600,57.86,1375970400,72.92,1376013600,50.89,0.63,1.42,197,9.44,0,1016.2,NA,NA
"221","2013-08-09",1916.5,1376031600,"Light rain overnight.","rain",1376053139,1376105603,0.11,0,0,0,57.68,1376053200,74.03,1376096400,57.68,1376053200,74.03,1376096400,49.06,0.59,3.47,353,8.95,0,1013.22,NA,NA
"222","2013-08-10",948.5,1376118000,"Clear throughout the day.","clear-day",1376139619,1376191907,0.15,0.0014,0.0163,0.41,59.59,1376139600,71.56,1376179200,59.59,1376139600,71.56,1376179200,54.53,0.72,3.72,176,8.43,0,1015.14,1376125200,"rain"
"223","2013-08-11",1157.5,1376204400,"Clear throughout the day.","clear-day",1376226099,1376278209,0.18,0,0,0,58.25,1376229600,69.17,1376269200,58.25,1376229600,69.17,1376269200,49.66,0.63,1.5,201,8.65,NA,1017.48,NA,NA
"224","2013-08-12",2014,1376290800,"Clear throughout the day.","clear-day",1376312579,1376364510,0.22,0,0,0,58.74,1376294400,73.41,1376352000,58.74,1376294400,73.41,1376352000,48.82,0.59,0.43,343,9.48,0,1017.73,NA,NA
"225","2013-08-13",2234.5,1376377200,"Clear throughout the day.","clear-day",1376399060,1376450809,0.25,0,0,0,57.7,1376398800,72.27,1376445600,57.7,1376398800,72.27,1376445600,48.51,0.58,2.55,353,10,0,1017.77,NA,NA
"226","2013-08-14",2085.5,1376463600,"Clear throughout the day.","clear-day",1376485541,1376537107,0.28,3e-04,0.0041,0.41,57.68,1376485200,76.37,1376514000,57.68,1376485200,76.37,1376514000,51.92,0.65,2.67,178,10,0,1014.21,1376542800,"rain"
"227","2013-08-15",1667,1376550000,"Clear throughout the day.","clear-day",1376572022,1376623404,0.32,2e-04,0.0041,0.41,61.89,1376632800,70.59,1376622000,61.89,1376632800,70.59,1376622000,58.22,0.8,3.15,170,9.51,NA,1014.89,1376564400,"rain"
"228","2013-08-16",1909.5,1376636400,"Clear throughout the day.","clear-day",1376658502,1376709700,0.35,0,0,0,59.67,1376661600,79.42,1376701200,59.67,1376661600,79.42,1376701200,52.35,0.63,0.31,121,9.62,0,1015.72,NA,NA
"229","2013-08-17",1109.5,1376722800,"Clear throughout the day.","clear-day",1376744983,1376795995,0.39,0,0,0,63.45,1376748000,73.71,1376780400,63.45,1376748000,73.71,1376780400,52.08,0.59,4.12,172,10,0,1017.7,NA,NA
"230","2013-08-18",1150.5,1376809200,"Clear throughout the day.","clear-day",1376831464,1376882288,0.42,0,0,0,59.7,1376834400,72.83,1376863200,59.7,1376834400,72.83,1376863200,50.7,0.61,0.61,194,10,0,1019.58,NA,NA
"231","2013-08-19",2058.5,1376895600,"Clear throughout the day.","clear-day",1376917945,1376968581,0.45,0,0,0,59.06,1376913600,71.83,1376946000,59.06,1376913600,71.83,1376946000,48.59,0.57,1.79,333,9.97,0,1019.3,NA,NA
"232","2013-08-20",2262,1376982000,"Clear throughout the day.","clear-day",1377004426,1377054872,0.49,0,0,0,60.3,1377007200,70.69,1377039600,60.3,1377007200,70.69,1377039600,46.39,0.52,5.96,2,9.98,0,1020.46,NA,NA
"233","2013-08-21",2196,1377068400,"Clear throughout the day.","clear-day",1377090907,1377141163,0.52,0,0,0,57.93,1377090000,71.67,1377133200,57.93,1377090000,71.67,1377133200,47.33,0.54,6.18,1,9.93,0,1017.21,NA,NA
"234","2013-08-22",2085,1377154800,"Clear throughout the day.","clear-day",1377177388,1377227452,0.56,0,0,0,57.23,1377180000,81.59,1377212400,57.23,1377180000,80.64,1377212400,47.21,0.52,2.54,0,10,0,1012.3,NA,NA
"235","2013-08-23",1723,1377241200,"Clear throughout the day.","clear-day",1377263869,1377313741,0.59,0,0,0,61.25,1377255600,69.4,1377295200,61.25,1377255600,69.4,1377295200,51.76,0.62,7.95,180,10,0,1011.86,NA,NA
"236","2013-08-24",1015,1377327600,"Clear throughout the day.","clear-day",1377350350,1377400028,0.62,0,0,0,60.9,1377352800,70.57,1377378000,60.9,1377352800,70.57,1377378000,50.45,0.63,0.76,181,10,NA,1012.61,NA,NA
"237","2013-08-25",1029.5,1377414000,"Clear throughout the day.","clear-day",1377436831,1377486315,0.66,0,0,0,58.72,1377439200,65.96,1377489600,58.72,1377439200,65.96,1377489600,48.01,0.61,0.82,353,9.93,0,1013.28,NA,NA
"238","2013-08-26",1620,1377500400,"Clear throughout the day.","clear-day",1377523311,1377572601,0.69,8e-04,0.0163,0.41,60.23,1377525600,72.11,1377554400,60.23,1377525600,72.11,1377554400,53.59,0.69,4.78,181,9.97,NA,1012.76,1377565200,"rain"
"239","2013-08-27",1946,1377586800,"Clear throughout the day.","clear-day",1377609792,1377658886,0.72,0.0012,0.0284,0.41,60.79,1377590400,74,1377648000,60.79,1377590400,74,1377648000,53.06,0.65,0.38,331,9.9,NA,1012.4,1377662400,"rain"
"240","2013-08-28",1742,1377673200,"Rain in the morning.","rain",1377696273,1377745170,0.76,0.0153,0.2006,1,59.01,1377684000,74.68,1377730800,59.01,1377684000,74.68,1377730800,55.71,0.72,0.91,117,9.25,NA,1011.72,1377734400,"rain"
"241","2013-08-29",1187.5,1377759600,"Rain until afternoon.","rain",1377782753,1377831453,0.79,0.0279,0.2656,1,62.3,1377770400,73.83,1377820800,62.3,1377770400,73.83,1377820800,59.95,0.81,3.92,159,9.46,NA,1013.39,1377824400,"rain"
"242","2013-08-30",1688,1377846000,"Clear throughout the day.","clear-day",1377869234,1377917736,0.83,0,0,0,62.14,1377867600,74.45,1377903600,62.14,1377867600,74.45,1377903600,53.4,0.65,3.29,164,9.97,0,1019.55,NA,NA
"243","2013-08-31",1146,1377932400,"Clear throughout the day.","clear-day",1377955714,1378004018,0.86,0,0,0,58.31,1377957600,72.25,1377993600,58.31,1377957600,72.25,1377993600,51.19,0.64,6.15,356,9.6,0,1015.13,NA,NA
"244","2013-09-01",1144,1378018800,"Clear throughout the day.","clear-day",1378042194,1378090300,0.89,0,0,0,58.81,1378040400,76.41,1378080000,58.81,1378040400,76.41,1378080000,51.15,0.62,1.66,173,9.95,0,1011.21,NA,NA
"245","2013-09-02",1162.5,1378105200,"Clear throughout the day.","clear-day",1378128675,1378176581,0.93,0,0,0,59.68,1378126800,76.09,1378162800,59.68,1378126800,76.09,1378162800,50.59,0.58,0.71,72,9.98,0,1012.4,NA,NA
"246","2013-09-03",1465.5,1378191600,"Light rain in the morning.","rain",1378215155,1378262861,0.96,0.0056,0.03,1,60.74,1378209600,67.57,1378256400,60.74,1378209600,67.57,1378256400,55.91,0.77,2.93,351,9.8,0,1015.65,1378213200,"rain"
"247","2013-09-04",1915,1378278000,"Clear throughout the day.","clear-day",1378301635,1378349141,1,5e-04,0.0081,0.41,59.79,1378303200,66.65,1378342800,59.79,1378303200,66.65,1378342800,55.54,0.78,4.14,359,9.76,NA,1017.36,1378296000,"rain"
"248","2013-09-05",1124,1378364400,"Rain in the morning and overnight.","rain",1378388115,1378435420,0.03,0.0099,0.0625,1,59.9,1378378800,65.3,1378425600,59.9,1378378800,65.3,1378425600,54.27,0.77,2.49,349,9.23,NA,1016.22,1378447200,"rain"
"249","2013-09-06",1111.5,1378450800,"Rain until afternoon.","rain",1378474595,1378521699,0.06,0.0282,0.1409,1,60.3,1378461600,68.03,1378512000,60.3,1378461600,68.03,1378512000,54,0.73,4.85,163,8.2,NA,1017.14,1378454400,"rain"
"250","2013-09-07",940,1378537200,"Clear throughout the day.","clear-day",1378561075,1378607977,0.1,0,0,0,60.34,1378566000,68.31,1378598400,60.34,1378566000,68.31,1378598400,55.45,0.76,1.49,342,10,0,1018.61,NA,NA
"251","2013-09-08",1165.5,1378623600,"Clear throughout the day.","clear-day",1378647555,1378694255,0.13,2e-04,0.0059,0.59,57.18,1378648800,71.24,1378677600,57.18,1378648800,71.24,1378677600,53.17,0.72,3.16,11,9.88,0,1018.69,1378645200,"rain"
"252","2013-09-09",1946.5,1378710000,"Clear throughout the day.","clear-day",1378734035,1378780532,0.16,0,0,0,56.97,1378724400,70.94,1378774800,56.97,1378724400,70.94,1378774800,53.76,0.76,5.02,349,7.47,0,1017.24,NA,NA
"253","2013-09-10",2122.5,1378796400,"Clear throughout the day.","clear-day",1378820514,1378866809,0.2,0,0,0,57.67,1378810800,72.97,1378857600,57.67,1378810800,72.97,1378857600,54.13,0.73,7.51,353,9.11,0,1014.68,NA,NA
"254","2013-09-11",2205.5,1378882800,"Clear throughout the day.","clear-day",1378906994,1378953086,0.23,0,0,0,59.64,1378908000,77.25,1378947600,59.64,1378908000,77.25,1378947600,53.11,0.62,5.92,20,9.9,0,1013.1,NA,NA
"255","2013-09-12",2022.5,1378969200,"Clear throughout the day.","clear-day",1378993474,1379039363,0.27,0,0,0,59.02,1378990800,68.6,1379034000,59.02,1378990800,68.6,1379034000,54.41,0.74,0.51,205,8.47,0,1014.67,NA,NA
"256","2013-09-13",1616,1379055600,"Clear throughout the day.","clear-day",1379079954,1379125639,0.3,0,0,0,58.21,1379070000,64.72,1379116800,58.21,1379070000,64.72,1379116800,55.96,0.82,0.78,233,8.39,NA,1013.98,NA,NA
"257","2013-09-14",916,1379142000,"Clear throughout the day.","clear-day",1379166434,1379211915,0.33,3e-04,0.0081,0.41,59.45,1379224800,63.54,1379199600,59.45,1379224800,63.54,1379199600,54.89,0.79,3.48,357,8.79,0,1010.4,1379203200,"rain"
"258","2013-09-15",512,1379228400,"Rain in the evening.","rain",1379252914,1379298191,0.37,0.0045,0.095,0.59,56.74,1379260800,63.97,1379286000,56.74,1379260800,63.97,1379286000,56.13,0.86,2.68,165,7.21,NA,1008.04,1379296800,"rain"
"259","2013-09-16",1532.5,1379314800,"Clear throughout the day.","clear-day",1379339394,1379384467,0.4,0,0,0,60.14,1379397600,66.73,1379368800,60.14,1379397600,66.73,1379368800,54.04,0.76,5.03,164,9.9,NA,1012.54,NA,NA
"260","2013-09-17",1642,1379401200,"Clear throughout the day.","clear-day",1379425874,1379470742,0.44,0,0,0,57.13,1379430000,61.46,1379462400,57.13,1379430000,61.46,1379462400,47.65,0.66,1.22,355,10,NA,1012.77,NA,NA
"261","2013-09-18",1954.5,1379487600,"Clear throughout the day.","clear-day",1379512354,1379557018,0.47,0,0,0,55.75,1379491200,65.92,1379548800,55.75,1379491200,65.92,1379548800,47.75,0.67,1.95,182,10,0,1017.31,NA,NA
"262","2013-09-19",2059,1379574000,"Clear throughout the day.","clear-day",1379598834,1379643293,0.5,0,0,0,52.27,1379599200,72.18,1379638800,52.27,1379599200,72.18,1379638800,46.93,0.65,1.16,17,10,0,1013.04,NA,NA
"263","2013-09-20",1667,1379660400,"Rain in the evening.","rain",1379685314,1379729569,0.54,0.0046,0.0616,1,57.07,1379682000,70.1,1379714400,57.07,1379682000,70.1,1379714400,50.04,0.67,6.44,171,9.68,0,1005.1,1379728800,"rain"
"264","2013-09-21",966,1379746800,"Clear throughout the day.","clear-day",1379771795,1379815844,0.57,7e-04,0.0059,0.59,56.6,1379772000,64.98,1379804400,56.6,1379772000,64.98,1379804400,49.47,0.69,3.99,183,9.86,0,1005.76,1379808000,"rain"
"265","2013-09-22",398,1379833200,"Breezy throughout the day, with rain starting in the afternoon.","rain",1379858275,1379902120,0.6,0.014,0.17,1,55.87,1379880000,60.41,1379890800,55.87,1379880000,60.41,1379890800,49.48,0.73,12.68,172,9.23,NA,1004.65,1379883600,"rain"
"266","2013-09-23",1128.5,1379919600,"Breezy until afternoon, with light rain in the morning.","rain",1379944756,1379988395,0.64,0.0042,0.0322,1,55.17,1380002400,59.48,1379977200,55.17,1380002400,59.48,1379977200,44,0.62,9.53,180,9.63,NA,1011.85,1379923200,"rain"
"267","2013-09-24",1603,1380006000,"Clear throughout the day.","clear-day",1380031237,1380074671,0.67,0,0,0,51.83,1380034800,60.67,1380060000,51.83,1380034800,60.67,1380060000,41.46,0.62,5.82,181,10,0,1012.86,NA,NA
"268","2013-09-25",1551,1380092400,"Light rain in the morning.","rain",1380117718,1380160947,0.71,0.0019,0.0119,1,51.43,1380106800,59.38,1380153600,51.43,1380106800,59.38,1380153600,44.23,0.71,6.09,349,9.85,0,1014.33,1380110400,"rain"
"269","2013-09-26",1806.5,1380178800,"Clear throughout the day.","clear-day",1380204199,1380247223,0.74,2e-04,0.0059,0.59,46.79,1380204000,59.34,1380243600,45.21,1380207600,59.34,1380243600,45.46,0.76,2.58,173,8.77,0,1019.27,1380200400,"rain"
"270","2013-09-27",1074.5,1380265200,"Breezy in the afternoon, with light rain in the morning.","rain",1380290680,1380333499,0.77,0.0103,0.1922,1,52.73,1380297600,57.52,1380326400,52.73,1380297600,57.52,1380326400,46.4,0.73,11.51,171,9.24,NA,1015.65,1380326400,"rain"
"271","2013-09-28",238.5,1380351600,"Rain and breezy throughout the day.","rain",1380377162,1380419776,0.81,0.0396,0.1365,1,54.05,1380434400,61.71,1380402000,54.05,1380434400,61.71,1380402000,44.78,0.65,12.61,170,8.08,NA,1001.19,1380398400,"rain"
"272","2013-09-29",245,1380438000,"Rain and breezy throughout the day.","rain",1380463644,1380506053,0.84,0.0237,0.099,1,53.71,1380492000,56.67,1380506400,53.71,1380492000,56.67,1380506400,43.26,0.65,15.66,165,9.14,NA,997.84,1380513600,"rain"
"273","2013-09-30",1129.5,1380524400,"Breezy throughout the day, with heavy rain until evening.","rain",1380550126,1380592330,0.88,0.0323,0.2444,1,51.12,1380531600,56.03,1380564000,51.12,1380531600,56.03,1380564000,46.64,0.78,15.01,184,8.81,NA,1005.6,1380571200,"rain"
"274","2013-10-01",1365,1380610800,"Breezy starting in the afternoon, continuing until evening, with rain in the morning.","rain",1380636608,1380678608,0.91,0.0059,0.0603,1,49.23,1380636000,56.53,1380664800,44.91,1380632400,56.53,1380664800,43.63,0.73,11.39,173,9.78,NA,1016.27,1380646800,"rain"
"275","2013-10-02",1206,1380697200,"Light rain throughout the day.","rain",1380723091,1380764886,0.94,0.0093,0.0506,1,50.43,1380744000,54.52,1380758400,50.43,1380744000,54.52,1380758400,40.9,0.67,5.4,180,9.4,NA,1019.68,1380769200,"rain"
"276","2013-10-03",1625.5,1380783600,"Clear throughout the day.","clear-day",1380809574,1380851164,0.98,0.0021,0.0203,0.59,49.51,1380866400,57.31,1380844800,49.51,1380866400,57.31,1380844800,45.73,0.79,3.97,339,9.4,NA,1028.24,1380798000,"rain"
"277","2013-10-04",1607,1380870000,"Foggy in the morning.","fog",1380896057,1380937443,0.01,2e-04,0.0059,0.59,44.48,1380898800,59.57,1380931200,44.43,1380880800,59.57,1380931200,43.89,0.78,0.09,117,7.91,0,1030.84,1380891600,"rain"
"278","2013-10-05",1076.5,1380956400,"Clear throughout the day.","clear-day",1380982541,1381023722,0.05,0,0,0,47.69,1380981600,64.77,1381017600,47.69,1380981600,64.77,1381017600,44.88,0.73,1.65,351,9.72,0,1025.37,NA,NA
"279","2013-10-06",1085,1381042800,"Rain and breezy overnight.","rain",1381069024,1381110002,0.08,2e-04,0.0059,0.59,47.53,1381068000,69.44,1381100400,44.51,1381071600,69.44,1381100400,46.16,0.71,5.18,180,8.8,0,1015.98,1381060800,"rain"
"280","2013-10-07",1470,1381129200,"Breezy in the afternoon.","wind",1381155508,1381196282,0.11,0.0058,0.0841,1,53.82,1381212000,59.54,1381183200,53.82,1381212000,59.54,1381183200,47.58,0.75,11.75,184,9.46,NA,1014.58,1381132800,"rain"
"281","2013-10-08",1445,1381215600,"Rain until afternoon.","rain",1381241993,1381282563,0.15,0.0111,0.131,1,50.22,1381255200,55.47,1381276800,50.22,1381255200,55.47,1381276800,44.32,0.74,0.37,261,9.58,NA,1016.38,1381258800,"rain"
"282","2013-10-09",1793.5,1381302000,"Clear throughout the day.","clear-day",1381328478,1381368845,0.18,0,0,0,44.77,1381327200,55.19,1381363200,42.17,1381320000,55.19,1381363200,43.46,0.79,1.16,64,9.59,0,1018.7,NA,NA
"283","2013-10-10",1586,1381388400,"Rain overnight.","rain",1381414963,1381455127,0.21,4e-04,0.0059,0.59,48.51,1381413600,56.96,1381438800,45.68,1381417200,56.96,1381438800,45.23,0.78,0.32,171,9.85,NA,1015.94,1381471200,"rain"
"284","2013-10-11",1167,1381474800,"Rain in the morning.","rain",1381501448,1381541410,0.25,0.0166,0.1328,1,51.16,1381510800,54.98,1381532400,51.16,1381510800,54.98,1381532400,47.7,0.84,1.6,339,7.03,NA,1020.03,1381485600,"rain"
"285","2013-10-12",637,1381561200,"Light rain in the morning.","rain",1381587934,1381627694,0.28,0.0027,0.0181,1,49.6,1381586400,55.03,1381615200,48.03,1381590000,55.03,1381615200,46.52,0.81,3.9,342,8.87,NA,1020.49,1381579200,"rain"
"286","2013-10-13",757.5,1381647600,"Foggy in the morning.","fog",1381674420,1381713979,0.32,0,0,0,47.2,1381669200,56.61,1381708800,44.34,1381665600,56.61,1381708800,45.54,0.83,3.09,19,7.27,0,1026.33,NA,NA
"287","2013-10-14",1702.5,1381734000,"Foggy in the morning.","fog",1381760907,1381800264,0.35,2e-04,0.0059,0.59,44.18,1381762800,56.45,1381791600,43.58,1381755600,56.45,1381791600,44.37,0.83,3.38,355,6.46,0,1029.51,1381755600,"rain"
"288","2013-10-15",1732,1381820400,"Foggy in the morning.","fog",1381847394,1381886551,0.38,0,0,0,45.86,1381838400,54.25,1381885200,43.78,1381842000,54.25,1381885200,45.6,0.86,2.63,356,5.56,0,1026.47,NA,NA
"289","2013-10-16",1670,1381906800,"Clear throughout the day.","clear-day",1381933881,1381972838,0.42,0,0,0,49.36,1381928400,55.03,1381968000,45.24,1381928400,55.03,1381968000,47.04,0.84,5.11,13,6.99,0,1022.38,NA,NA
"290","2013-10-17",1625.5,1381993200,"Clear throughout the day.","clear-day",1382020369,1382059126,0.45,2e-04,0.0059,0.59,49.52,1382076000,55.35,1382050800,47.6,1382007600,55.35,1382050800,46.58,0.83,2.36,21,7.62,0,1024.48,1382076000,"rain"
"291","2013-10-18",1475,1382079600,"Foggy in the morning.","fog",1382106857,1382145415,0.49,0,0,0,46.22,1382108400,52.25,1382144400,42.72,1382115600,52.25,1382144400,46.1,0.89,4.8,346,4.52,0,1023.48,NA,NA
"292","2013-10-19",567,1382166000,"Foggy until afternoon.","fog",1382193345,1382231705,0.52,0,0,0,46.16,1382191200,49.48,1382238000,42.09,1382191200,49.48,1382238000,45.37,0.91,4.77,342,3.31,NA,1022.07,NA,NA
"293","2013-10-20",556,1382252400,"Clear throughout the day.","clear-day",1382279834,1382317996,0.55,0,0,0,47.43,1382259600,50.75,1382313600,45.16,1382277600,50.75,1382313600,45.03,0.87,3.83,3,6.29,NA,1022.57,NA,NA
"294","2013-10-21",1503,1382338800,"Clear throughout the day.","clear-day",1382366323,1382404288,0.59,0,0,0,47.44,1382349600,51.47,1382400000,43.48,1382356800,51.47,1382400000,45.5,0.88,5.26,360,5.02,NA,1021.19,NA,NA
"295","2013-10-22",1581,1382425200,"Foggy overnight.","fog",1382452812,1382490582,0.62,0,0,0,47.49,1382457600,52.94,1382486400,44.15,1382443200,52.94,1382486400,46.05,0.89,5.38,354,4.84,NA,1019.25,NA,NA
"296","2013-10-23",1542,1382511600,"Foggy throughout the day.","fog",1382539302,1382576876,0.65,2e-04,0.0059,0.59,46.28,1382540400,49.76,1382569200,43.38,1382529600,48.26,1382569200,45.4,0.92,3.9,356,2.09,0,1017.24,1382540400,"rain"
"297","2013-10-24",1507.5,1382598000,"Foggy until afternoon.","fog",1382625792,1382663172,0.69,2e-04,0.0059,0.59,46.17,1382612400,49.79,1382659200,43.43,1382623200,49.79,1382659200,45.61,0.93,1.91,331,1.58,NA,1018.36,1382619600,"rain"
"298","2013-10-25",1217.5,1382684400,"Clear throughout the day.","clear-day",1382712282,1382749469,0.72,0,0,0,47.27,1382688000,52.87,1382749200,44.81,1382720400,52.87,1382749200,46.25,0.88,2.71,136,5.6,NA,1024.58,NA,NA
"299","2013-10-26",635,1382770800,"Clear throughout the day.","clear-day",1382798773,1382835767,0.76,2e-04,0.0059,0.59,47.97,1382770800,53.57,1382832000,46.06,1382774400,53.57,1382832000,45.22,0.8,4.27,13,7.67,NA,1026.08,1382774400,"rain"
"300","2013-10-27",389,1382857200,"Light rain until afternoon.","rain",1382885264,1382922066,0.79,0.0017,0.01,1,46.71,1382886000,56.78,1382918400,43.96,1382882400,56.78,1382918400,45.24,0.8,4.95,6,7.7,0,1015.66,1382900400,"rain"
"301","2013-10-28",1664,1382943600,"Clear throughout the day.","clear-day",1382971755,1383008367,0.82,0,0,0,49.82,1383026400,55.82,1383004800,48.16,1383026400,55.82,1383004800,39.82,0.64,9.95,350,9.48,0,1013.67,NA,NA
"302","2013-10-29",1676,1383030000,"Clear throughout the day.","clear-day",1383058246,1383094669,0.86,0,0,0,40.33,1383058800,54.9,1383091200,36.14,1383058800,54.9,1383091200,37.22,0.69,2.91,147,9.52,0,1016.3,NA,NA
"303","2013-10-30",1477,1383116400,"Clear throughout the day.","clear-day",1383144738,1383180973,0.89,4e-04,0.01,1,43.16,1383138000,56.25,1383174000,39.03,1383134400,56.25,1383174000,40.32,0.72,8.61,166,8.94,0,1019.59,1383192000,"rain"
"304","2013-10-31",1286.5,1383202800,"Clear throughout the day.","clear-day",1383231229,1383267278,0.93,4e-04,0.0059,0.59,49.94,1383224400,56.94,1383264000,45.87,1383224400,56.94,1383264000,46.43,0.81,6.76,183,8.56,NA,1021.92,1383210000,"rain"
"305","2013-11-01",1406,1383289200,"Clear throughout the day.","clear-day",1383317721,1383353584,0.96,0,0,0,52.89,1383318000,57.73,1383343200,52.89,1383318000,57.73,1383343200,47.41,0.77,4.31,174,8.39,NA,1021.03,NA,NA
"306","2013-11-02",335,1383375600,"Windy until afternoon, with light rain in the morning.","rain",1383404213,1383439892,0.99,0.014,0.1707,1,47.43,1383458400,54.71,1383404400,42.64,1383458400,54.71,1383404400,43.23,0.74,12.56,193,9.15,NA,1006.1,1383418800,"rain"
"307","2013-11-03",662.5,1383465600,"Clear throughout the day.","clear-day",1383490705,1383526202,0.03,5e-04,0.0059,0.59,41.41,1383490800,50.87,1383516000,38.33,1383490800,50.87,1383516000,38.01,0.74,1.94,164,9.97,NA,1017.4,1383548400,"rain"
"308","2013-11-04",1529,1383552000,"Clear throughout the day.","clear-day",1383577197,1383612514,0.06,2e-04,0.0041,0.41,40.21,1383577200,49.3,1383609600,37.45,1383577200,49.3,1383609600,37.59,0.75,2.37,148,9.82,0,1021.06,1383631200,"rain"
"309","2013-11-05",1394.5,1383638400,"Light rain in the morning.","rain",1383663689,1383698827,0.1,0.0032,0.0159,1,44.61,1383649200,52.66,1383685200,40.28,1383649200,52.66,1383685200,43.06,0.81,2.83,145,8.7,NA,1019.51,1383649200,"rain"
"310","2013-11-06",1459,1383724800,"Light rain in the evening.","rain",1383750181,1383785141,0.13,0.0033,0.0159,1,46.33,1383750000,51.37,1383786000,46.33,1383750000,51.37,1383786000,44.02,0.82,0.77,109,8.6,NA,1024.23,1383807600,"rain"
"311","2013-11-07",854.5,1383811200,"Windy until evening, with rain throughout the day.","rain",1383836674,1383871458,0.16,0.0359,0.1947,1,48.71,1383829200,63.2,1383858000,43.45,1383861600,63.2,1383858000,44.77,0.81,13.63,176,7.76,NA,1010.73,1383832800,"rain"
"312","2013-11-08",1316,1383897600,"Clear throughout the day.","clear-day",1383923165,1383957776,0.2,0,0,0,47.51,1383980400,54.05,1383951600,44.14,1383912000,54.05,1383951600,42.3,0.73,7.64,188,9.27,NA,1019.61,NA,NA
"313","2013-11-09",596.5,1383984000,"Light rain in the evening.","rain",1384009657,1384044096,0.23,0.0032,0.0159,1,43.81,1384009200,49.71,1384034400,43.18,1383991200,48.8,1384034400,42.13,0.83,2.05,23,8.47,NA,1020.1,1384048800,"rain"
"314","2013-11-10",495,1384070400,"Clear throughout the day.","clear-day",1384096149,1384130418,0.27,2e-04,0.0059,0.59,46.98,1384074000,50.51,1384128000,41.75,1384077600,50.51,1384128000,42.84,0.81,8.88,353,9.97,NA,1020.45,1384070400,"rain"
"315","2013-11-11",1330.5,1384156800,"Clear throughout the day.","clear-day",1384182640,1384216742,0.3,0,0,0,46.24,1384182000,54.1,1384214400,42.49,1384174800,54.1,1384214400,43.29,0.8,4.3,359,9.3,0,1019.47,NA,NA
"316","2013-11-12",1208,1384243200,"Light rain in the morning.","rain",1384269131,1384303068,0.33,0.0053,0.0519,1,48.85,1384243200,57.41,1384297200,47.13,1384246800,57.41,1384297200,47.47,0.82,7.75,170,8.68,NA,1023.44,1384264800,"rain"
"317","2013-11-13",1533.5,1384329600,"Clear throughout the day.","clear-day",1384355622,1384389395,0.37,3e-04,0.0081,0.41,51.1,1384412400,55.25,1384383600,51.1,1384412400,55.25,1384383600,45.83,0.77,5.82,185,9.73,NA,1029.34,1384387200,"rain"
"318","2013-11-14",1295.5,1384416000,"Clear throughout the day.","clear-day",1384442112,1384475725,0.4,4e-04,0.0059,0.59,45.69,1384491600,50.28,1384416000,42.71,1384498800,50.28,1384416000,42.58,0.81,2.94,182,8.59,NA,1021.76,1384448400,"rain"
"319","2013-11-15",1031.5,1384502400,"Windy starting in the afternoon, continuing until evening, with light rain until afternoon.","rain",1384528602,1384562057,0.43,0.004,0.0481,1,44.54,1384534800,50.38,1384581600,39.75,1384563600,50.38,1384581600,36.84,0.69,10.78,184,9.14,NA,1008.09,1384545600,"rain"
"320","2013-11-16",560.5,1384588800,"Clear throughout the day.","clear-day",1384615092,1384648391,0.47,0,0,0,42.96,1384617600,49.97,1384646400,38.15,1384617600,45.21,1384646400,34.08,0.63,8,182,9.51,NA,1001.32,NA,NA
"321","2013-11-17",483,1384675200,"Windy until afternoon, with rain until evening.","rain",1384701581,1384734727,0.5,0.0059,0.0559,1,44.7,1384675200,50.97,1384725600,39.18,1384711200,50.97,1384725600,41.15,0.77,16.05,186,8.76,NA,1010.45,1384732800,"rain"
"322","2013-11-18",1056,1384761600,"Rain throughout the day.","rain",1384788069,1384821066,0.54,0.0297,0.0937,1,48.56,1384776000,53.55,1384844400,43.12,1384776000,53.55,1384844400,44.21,0.8,11.19,172,6.74,NA,1007.88,1384837200,"rain"
"323","2013-11-19",1154.5,1384848000,"Light rain until afternoon.","rain",1384874556,1384907406,0.57,0.0053,0.0441,1,42.16,1384930800,53.48,1384855200,35.03,1384930800,53.48,1384855200,32.71,0.6,3.95,19,9.18,NA,1009.73,1384848000,"rain"
"324","2013-11-20",1417,1384934400,"Clear throughout the day.","clear-day",1384961043,1384993749,0.6,0,0,0,37.45,1384959600,43.14,1384988400,31,1385017200,37.71,1384988400,25.21,0.55,8.92,359,10,0,1026.8,NA,NA
"325","2013-11-21",1252.5,1385020800,"Clear throughout the day.","clear-day",1385047529,1385080095,0.64,0,0,0,33.75,1385046000,43.69,1385074800,26.43,1385028000,38.96,1385074800,27.27,0.65,7.07,13,9.92,0,1036.95,NA,NA
"326","2013-11-22",1165,1385107200,"Clear throughout the day.","clear-day",1385134014,1385166442,0.67,0,0,0,35.25,1385132400,44.79,1385164800,26.83,1385132400,40.35,1385164800,28.78,0.65,8.04,0,9.97,0,1035.5,NA,NA
"327","2013-11-23",605,1385193600,"Clear throughout the day.","clear-day",1385220498,1385252792,0.71,0.002,0.0475,0.59,36.69,1385211600,48.18,1385247600,28.35,1385215200,43.48,1385247600,33.74,0.74,7.22,0,9.38,0,1027.09,1385244000,"rain"
"328","2013-11-24",570.5,1385280000,"Clear throughout the day.","clear-day",1385306981,1385339145,0.74,0,0,0,36.09,1385305200,48.48,1385334000,31.95,1385301600,46.46,1385334000,35.98,0.81,3.91,2,7.73,0,1023.28,NA,NA
"329","2013-11-25",1304.5,1385366400,"Clear throughout the day.","clear-day",1385393463,1385425500,0.77,0,0,0,36.79,1385391600,50.55,1385416800,32.72,1385388000,50.55,1385416800,35.96,0.79,1.42,144,6.06,0,1025.89,NA,NA
"330","2013-11-26",1270.5,1385452800,"Foggy in the morning.","fog",1385479944,1385511857,0.81,0,0,0,37.19,1385485200,50.34,1385517600,32.48,1385485200,50.34,1385517600,37.12,0.79,4.7,161,6.21,0,1022.41,NA,NA
"331","2013-11-27",1125.5,1385539200,"Clear throughout the day.","clear-day",1385566424,1385598217,0.84,0,0,0,43.71,1385622000,51.39,1385593200,41.86,1385571600,51.39,1385593200,37.38,0.68,3.61,5,9.55,0,1016.94,NA,NA
"332","2013-11-28",291,1385625600,"Foggy until afternoon.","fog",1385652902,1385684580,0.88,2e-04,0.0041,0.41,38.46,1385654400,43.42,1385679600,35.36,1385654400,43.42,1385679600,37.14,0.86,2.68,163,2.89,0,1019.69,1385683200,"rain"
"333","2013-11-29",502,1385712000,"Clear throughout the day.","clear-day",1385739379,1385770945,0.91,2e-04,0.0059,0.59,41.04,1385712000,47.89,1385794800,38.32,1385715600,44.11,1385794800,39.22,0.8,4.15,169,7.42,NA,1024.97,1385776800,"rain"
"334","2013-11-30",432.5,1385798400,"Light rain overnight.","rain",1385825855,1385857313,0.94,0.0032,0.0381,1,46.62,1385812800,51.25,1385856000,41.23,1385812800,51.25,1385856000,41.22,0.75,11.72,171,9.69,NA,1024.97,1385877600,"rain"
"335","2013-12-01",340.5,1385884800,"Partly cloudy in the morning.","partly-cloudy-day",1385912329,1385943684,0.98,0.0018,0.0141,1,46.69,1385967600,54.37,1385910000,45.7,1385967600,54.37,1385910000,39.77,0.63,12.32,198,9.29,NA,1011.71,1385899200,"rain"
"336","2013-12-02",1141.5,1385971200,"Light rain in the evening.","rain",1385998802,1386030057,0.01,0.0044,0.0397,1,37.28,1386043200,45.87,1385971200,33.24,1.386e+09,44.82,1385971200,31.25,0.69,3.68,184,9.61,0,1013.41,1386039600,"rain"
"337","2013-12-03",1105.5,1386057600,"Clear throughout the day.","clear-day",1386085272,1386116433,0.04,6e-04,0.01,1,33.86,1386140400,40.19,1386100800,27.04,1386086400,33.87,1386100800,24.82,0.61,10.17,352,9.95,0,1024.01,1386061200,"rain"
"338","2013-12-04",1039,1386144000,"Clear throughout the day.","clear-day",1386171741,1386202812,0.08,0,0,0,28.32,1386169200,37.92,1386194400,21.06,1386169200,35.02,1386194400,25.24,0.73,3.5,39,9.89,0,1027.29,NA,NA
"339","2013-12-05",969,1386230400,"Clear throughout the day.","clear-day",1386258209,1386289193,0.11,0,0,0,27.92,1386259200,33.55,1386284400,21.65,1386259200,33.55,1386284400,20.1,0.66,3.92,129,9.67,0,1025.06,NA,NA
"340","2013-12-06",847,1386316800,"Clear throughout the day.","clear-day",1386344674,1386375578,0.15,0,0,0,26.6,1386396000,33.71,1386367200,17.78,1386399600,25.04,1386367200,8.08,0.4,5.85,61,10,0,1022.67,NA,NA
"341","2013-12-07",295.5,1386403200,"Clear throughout the day.","clear-day",1386431138,1386461965,0.18,0,0,0,22.44,1386486000,30.75,1386460800,12.15,1386435600,24.06,1386460800,9.62,0.5,6.41,23,9.95,0,1028.01,NA,NA
"342","2013-12-08",236.5,1386489600,"Clear throughout the day.","clear-day",1386517599,1386548355,0.21,0,0,0,21.1,1386500400,32.37,1386547200,13.46,1386496800,32.37,1386547200,14.89,0.6,3.32,138,9.91,0,1033.39,NA,NA
"343","2013-12-09",896.5,1386576000,"Clear throughout the day.","clear-day",1386604059,1386634748,0.25,0,0,0,24.45,1386590400,35.05,1386633600,17.02,1386594000,31.32,1386633600,19.28,0.65,4.29,154,9.6,NA,1034.79,NA,NA
"344","2013-12-10",935,1386662400,"Clear throughout the day.","clear-day",1386690516,1386721144,0.28,0,0,0,33.01,1386662400,39.87,1386720000,27.99,1386666000,37.16,1386720000,29.32,0.75,3.83,164,9.15,NA,1031.97,NA,NA
"345","2013-12-11",1068,1386748800,"Foggy overnight.","fog",1386776971,1386807542,0.32,9e-04,0.0219,1,32.5,1386766800,40.71,1386802800,28.6,1386777600,38.91,1386802800,32.5,0.85,1.89,177,6.79,0,1026.66,1386806400,"rain"
"346","2013-12-12",967,1386835200,"Rain starting in the afternoon, continuing until evening.","rain",1386863424,1386893944,0.35,0.0048,0.0641,1,34.97,1386849600,43.21,1386892800,27.27,1386860400,39.85,1386892800,35.62,0.88,8.26,163,4.37,NA,1019.7,1386889200,"rain"
"347","2013-12-13",884.5,1386921600,"Clear throughout the day.","clear-day",1386949875,1386980348,0.38,0.0018,0.0337,1,42.74,1386921600,49.05,1386982800,37,1386925200,45.92,1386982800,40.59,0.81,7.48,178,5.99,NA,1026.6,1386921600,"rain"
"348","2013-12-14",442,1387008000,"Clear throughout the day.","clear-day",1387036323,1387066755,0.42,0,0,0,44.96,1387040400,49.05,1387080000,40.22,1387040400,44.62,1387080000,43.18,0.86,9.45,166,9.68,0,1028.82,NA,NA
"349","2013-12-15",377.5,1387094400,"Light rain overnight.","rain",1387122769,1387153166,0.45,0.0012,0.0181,1,47.05,1387108800,51.25,1387148400,41.52,1387098000,51.25,1387148400,44.74,0.86,6.75,179,9.29,NA,1028.78,1387177200,"rain"
"350","2013-12-16",1250,1387180800,"Foggy in the evening.","fog",1387209213,1387239579,0.48,0.0013,0.0303,1,41.71,1387256400,48.15,1387231200,40.23,1387252800,48.15,1387231200,42.55,0.88,1.87,149,7.72,NA,1030.38,1387180800,"rain"
"351","2013-12-17",1116,1387267200,"Clear throughout the day.","clear-day",1387295654,1387325995,0.52,0,0,0,40.39,1387292400,45.64,1387342800,35.93,1387288800,40.74,1387342800,38.59,0.86,4.76,183,6.51,NA,1022.25,NA,NA
"352","2013-12-18",1085.5,1387353600,"Clear throughout the day.","clear-day",1387382092,1387412413,0.55,0.0016,0.03,1,39.27,1387436400,45.33,1387400400,32.33,1387436400,39.27,1387400400,36.55,0.78,3.65,351,9.22,NA,1019.48,1387396800,"rain"
"353","2013-12-19",1037.5,1387440000,"Clear throughout the day.","clear-day",1387468528,1387498835,0.59,0,0,0,34.96,1387522800,39.65,1387490400,27.87,1387465200,39.65,1387490400,30.19,0.76,3.49,348,9.5,0,1025.15,NA,NA
"354","2013-12-20",369.5,1387526400,"Light rain in the morning and overnight.","rain",1387554961,1387585259,0.62,0.0042,0.02,1,32.44,1387548000,44.62,1387605600,23.62,1387555200,41.6,1387605600,33.33,0.84,8.62,163,5.38,NA,1013.51,1387609200,"rain"
"355","2013-12-21",260,1387612800,"Light rain in the evening.","rain",1387641391,1387671687,0.65,0.0071,0.0259,1,41.71,1387645200,45.88,1387670400,37.04,1387638000,45.88,1387670400,40.94,0.91,2.4,0,4.97,NA,1018.37,1387677600,"rain"
"356","2013-12-22",200,1387699200,"Light rain until evening.","rain",1387727819,1387758117,0.69,0.0092,0.0219,1,45.21,1387706400,50.32,1387782000,41.67,1387717200,50.32,1387782000,45.14,0.91,6.41,163,3.49,NA,1024.23,1387764000,"rain"
"357","2013-12-23",708.5,1387785600,"Windy in the morning.","wind",1387814244,1387844549,0.72,8e-04,0.0059,0.59,45,1387868400,53.09,1387828800,40.69,1387868400,53.09,1387828800,42.79,0.78,9.71,175,9.06,NA,1024.95,1387814400,"rain"
"358","2013-12-24",541,1387872000,"Clear throughout the day.","clear-day",1387900667,1387930985,0.76,0,0,0,39.82,1387954800,46.96,1387922400,36.71,1387951200,45.78,1387922400,38.42,0.83,0.59,41,9.78,0,1035.67,NA,NA
"359","2013-12-25",185.5,1387958400,"Foggy in the morning.","fog",1387987086,1388017423,0.79,0,0,0,34.1,1387983600,42.26,1388012400,30.44,1387983600,42.26,1388012400,34.98,0.89,0.73,115,5.87,0,1031.83,NA,NA
"360","2013-12-26",595,1388044800,"Foggy throughout the day.","fog",1388073503,1388103863,0.82,0,0,0,37.12,1388073600,42.95,1388102400,31.86,1388077200,42.95,1388102400,36.25,0.91,2.51,182,3.51,0,1027.12,NA,NA
"361","2013-12-27",533,1388131200,"Foggy in the morning.","fog",1388159917,1388190307,0.86,9e-04,0.0178,0.59,35.19,1388156400,46.6,1388188800,29.15,1388160000,46.6,1388188800,38.83,0.92,4.96,157,4.78,NA,1023.41,1388178000,"rain"
"362","2013-12-28",437.5,1388217600,"Foggy overnight.","fog",1388246328,1388276753,0.89,0,0,0,40.64,1388300400,46.64,1388271600,39.61,1388286000,45.16,1388271600,41.33,0.9,1.07,315,6.07,0,1032.46,NA,NA
"363","2013-12-29",342,1388304000,"Foggy in the morning.","fog",1388332736,1388363201,0.92,0,0,0,37.74,1388325600,43.71,1388358000,34.09,1388340000,43.71,1388358000,38.01,0.9,2.72,143,4.65,NA,1029.84,NA,NA
"364","2013-12-30",861,1388390400,"Foggy in the morning.","fog",1388419142,1388449652,0.96,0,0,0,40.72,1388404800,45.94,1388462400,38.12,1388426400,44.34,1388462400,39.55,0.88,2.26,172,6.5,NA,1023.18,NA,NA
"365","2013-12-31",709.5,1388476800,"Clear throughout the day.","clear-day",1388505545,1388536105,0.99,0.0021,NA,NA,44.61,1388494800,46.05,1388505600,39.6,1388494800,NA,NA,41.38,0.86,4.97,174,6.7,NA,1024.47,NA,"rain"
